id,Longitud de camino caracter√≠stico,Eficiencia global,Fuerza nodal promedio,Coeficiente de agrupamiento,Transitividad,Asortatividad,Modularidad
002MSVIS,2.899209044922433,0.36927301152938496,19.883477933782245,0.41026420315478296,0.7408931013124218,-0.09465409362744322,0.10925287827418276
003MSVIS,2.8211735206721933,0.3774244682677001,21.46029799939433,0.4054841982462416,0.7777701911822084,-0.1097362915634616,0.09418841644618235
004MSVIS,2.6799434465540357,0.39770324015548597,21.989925631631156,0.3831141703754845,0.7482033883607748,-0.09735754664656027,0.10788460343426218
005MSVIS,2.7123752236018923,0.3931444250457348,22.292148589421632,0.40465008560848575,0.7680806640525538,-0.07492506661332174,0.10147505179023822
010MSVIS,2.852974041148216,0.3731497857817159,21.083122818430272,0.3810947366631357,0.7660905749779789,-0.09457210859111002,0.0970919787937723
011MSVIS,2.6202106987193794,0.4064121441828497,23.185966345694215,0.4057385482320785,0.7778103215980318,-0.09495686254301514,0.09106357225176288
012MSVIS,2.8952796205509936,0.36760445900747046,20.388754549198378,0.4098613166754784,0.7572626471151596,-0.11176435932904458,0.11119036066863716
017MSVIS,2.9397626630673175,0.36157548703466524,20.166186247115668,0.39186410697730173,0.7538700672503489,-0.08672630311129331,0.10767721447862341
018MSVIS,2.937292855134031,0.3619559727008531,20.4595689021254,0.4178299639915839,0.7737465815861441,-0.07333311130471208,0.11253425518668644
019MSVIS,2.722088627467416,0.39118384168670683,22.212741727179345,0.43013241032967536,0.7684851422167025,-0.10133379920292472,0.10013396972006089
021MSVIS,2.6219871209391807,0.4064940009018161,23.365944791238608,0.41141680930062874,0.7741042776812789,-0.11260737125259677,0.09001323442559775
022MSVIS,2.649237637155433,0.4018298884698453,22.88163241604791,0.4318576254922064,0.7712599133023033,-0.08938318410432357,0.0840164612699206
027MSVIS,3.0972810762447414,0.3495347087829675,19.011333580202106,0.3899322157752761,0.7608712658836152,0.016340328252804695,0.09857171876119952
030MSVIS,2.7550884420382404,0.3876765685410344,21.723329506680944,0.4003256197385945,0.7651594921028182,-0.0756462553205999,0.09177934102614367
031MSVIS,2.733681237185919,0.388566389621956,21.995924167243107,0.42065007087460915,0.7640909733013137,-0.10263326420653045,0.08816903107526973
032MSVIS,2.6817262659989884,0.3987293164244967,22.189235261469683,0.4043530320241285,0.7529391499074114,-0.10466360559876366,0.10306859781950015
033MSVIS,3.415041647959824,0.3179310133749002,16.569791359955936,0.37616792603438187,0.727849325134393,-0.01695959539578246,0.11551025691133679
035MSVIS,2.5214872167110705,0.4225384081901527,24.165139108925455,0.4315746149456628,0.7706673282064004,-0.10440230981433063,0.09259706053854097
036MSVIS,3.032471604838319,0.35070301094179906,19.621397733341926,0.38749709142535,0.7603788013702217,-0.10760409788479668,0.10390547597788961
038MSVIS,2.9149680412017847,0.36457974557578404,20.639195085132382,0.41605496690601496,0.7709876109040121,-0.08139977304062138,0.09953852797752531
039MSVIS,2.897890383672532,0.37371494480266687,18.694590317089904,0.38940445802759976,0.7050130020225368,-0.017594165742126373,0.17828934176528174
040MSVIS,2.8873299727982107,0.3700742327933352,20.479385085033098,0.38123106151130476,0.7650238779500219,-0.07899563018891685,0.11407272033744575
041MSVIS,2.7473219914252724,0.38875494906611013,21.742385392858054,0.4295521640356961,0.7635475740390675,-0.1008610498841351,0.10825632527613344
042MSVIS,2.5901773248526627,0.41134868224977766,23.527844470519533,0.40593219986585877,0.7755037690299059,-0.09969691535443727,0.09197253783692554
043MSVIS,2.6871855992639366,0.3958613988472457,22.764502069576125,0.4185035608650199,0.7797512293896443,-0.09173542997180877,0.09141623461003816
044MSVIS,2.408353189983618,0.4428286053020888,25.326474907506245,0.42888839259005435,0.7742087258255815,-0.08253317353721709,0.09894979772523164
046MSVIS,2.5418759621874227,0.42021574504469555,23.814863648574907,0.42927373944884595,0.7743185122672875,-0.08681056111412645,0.09712861322197168
047MSVIS,2.622193933109747,0.4073309533901242,22.73930189023289,0.39995347000534115,0.7610237337283702,-0.04962446824460546,0.11859906442832802
048MSVIS,3.1779028213224207,0.33598881576034223,18.470259724068153,0.3734270612554126,0.7543878656554713,-0.11931028458044893,0.1102245208713513
050MSVIS,2.9295798447052968,0.3631600893845833,20.329026758666682,0.3968606671644186,0.7599308254070779,-0.10078300535627081,0.09850279876936825
053MSVIS,2.9385049786397404,0.3621725992606495,20.677666257951955,0.408860161132307,0.7811671604553251,-0.08424104743663,0.08671399493539715
054MSVIS,2.7655482440903447,0.38483358947666935,21.967377549603032,0.41796994479410593,0.7675024714658039,-0.11014963098898914,0.1023402836344358
055MSVIS,2.8360283641646093,0.37597198932324255,21.419039613860726,0.4021398170638874,0.7746587996900888,-0.08949022445037193,0.08875430887309728
056MSVIS,2.5637885372017664,0.4157623962532086,23.688584356629875,0.42445359217035994,0.7693590181387221,-0.09702156693391388,0.09188729564120778
058MSVIS,2.5762157734038946,0.41242413104667147,23.743414454659302,0.43227849756665115,0.7761272282418735,-0.09524517426043036,0.09142639063388891
059MSVIS,2.706388215111594,0.39512391005371156,22.300855856806553,0.42617780589968063,0.7650680191300575,-0.06227108029644805,0.09337469101554034
061MSVIS,2.7029421073409914,0.39429006774752556,22.774972645494756,0.4101686595504272,0.7827258138468592,-0.0955618223963459,0.08014731719929832
062MSVIS,2.634831416404948,0.40388777928914055,22.908736122518196,0.4124845460011879,0.7751951898052589,-0.08031369784373786,0.09270018724419325
063MSVIS,2.569878763637026,0.4137038715364372,23.81027662971706,0.4195387261213508,0.7759791779549501,-0.11392548726305361,0.09486594862267395
064MSVIS,2.709164427898311,0.3937398496545657,21.79952006801432,0.37675934917195153,0.7518560395955114,-0.09205982922485115,0.09985512271025597
065MSVIS,2.7843376046020607,0.38224025780012527,21.256972768720516,0.42251015729677993,0.7578846461096022,-0.06020255261532615,0.09345149487842391
066MSVIS,2.670094837094418,0.4002736177086386,22.14914792949332,0.4078591148668745,0.7530899090148163,-0.08269167437187057,0.111871729766572
067MSVIS,2.827856002635889,0.37765763603151425,20.982206379676946,0.4205208553731341,0.7490096362664106,-0.06760133864192161,0.09725793985019816
070MSVIS,2.5963247522573694,0.4101787311928704,23.2563201802388,0.40395552072593605,0.7735191637630662,-0.10198723518307826,0.08788400695481347
071MSVIS,2.6539377121132284,0.401086733500026,22.80024640414782,0.4453342628516432,0.7635150166852058,-0.0984894018373874,0.08980280380734926
072MSVIS,2.78891799815839,0.38142079936435225,21.63811469875311,0.40940017355582325,0.7641081473416803,-0.10279965237657199,0.10043602391528689
073MSVIS,3.445527251301587,0.3110392750089006,16.47385992902223,0.3850159676271001,0.7544129207460873,-0.03803104006679406,0.1334193809630135
074MSVIS,2.7558329121335876,0.3867192613536327,21.992329821130696,0.40165830347524156,0.7709144796787857,-0.08248275531468557,0.09697613821981664
075MSVIS,2.5100100199339153,0.4250750126747094,23.723343027604255,0.38866053892762287,0.7634298385072379,-0.10106818550158052,0.1087304186632081
076MSVIS,2.9164074965709776,0.3645730658672946,20.800928752647117,0.412078836836026,0.7725082925288264,-0.07751916450772955,0.09661463904559528
077MSVIS,2.6953916649728336,0.3956134328235173,22.563313262479173,0.4196826761398087,0.7751892951034354,-0.06921682062908363,0.09546208673634382
078MSVIS,2.627001860457461,0.4067710328755858,22.704915447924133,0.436028231072039,0.7604563540226489,-0.10062091863451472,0.10361382956116777
079MSVIS,2.757921457905404,0.387381619977828,21.899654827136782,0.4141948189315835,0.7668930668357848,-0.07042062044484781,0.10176840554787508
080MSVIS,3.514142278546233,0.31153699208840796,14.65785331341565,0.29573508641055096,0.6813028793097683,-0.011038537427662698,0.1456063665559463
082MSVIS,2.6613908518897036,0.400346122740966,22.22742482969978,0.43899856726160563,0.7475472471964685,-0.09889416979119005,0.11161978687520445
084MSVIS,2.621373016481099,0.40635109784535295,23.14156906243947,0.4133466635416867,0.7667206641692822,-0.09152325268146923,0.09546648537585525
086MSVIS,2.825697166924861,0.3784963299549679,20.78795940834869,0.4004817965338139,0.7454457701502923,-0.1065110475444643,0.11986814268606187
087MSVIS,2.931853020264708,0.3693717886854244,20.108528036539447,0.40668876479108657,0.7561526122823098,-0.008996901217399338,0.11467677489424716
088MSVIS,2.7350333160313274,0.38855255596458543,22.26058761335445,0.4462548079668543,0.7716849154462174,-0.07035465959372089,0.08438174740901004
089MSVIS,2.9369881567477076,0.3685311713842673,19.025277034339553,0.3909907857718104,0.728290954240927,-0.03870777148890495,0.12449840703748527
090MSVIS,3.208991474795252,0.33592717781963105,17.753115434070285,0.3513901425453639,0.7370599655665042,-0.06079649193761056,0.11217778968186995
091MSVIS,2.822781329113772,0.3785182133731656,20.824271759930223,0.41794875775036544,0.7605794891345787,-0.052537238697678706,0.10397963516011348
094MSVIS,2.603760169360026,0.41046631495480285,23.19467534784281,0.4085651156702873,0.7665502362851859,-0.08000480561806834,0.10278152975703234
095MSVIS,2.6685854105383404,0.4011135294666356,22.066711191538367,0.40644591085770954,0.7482469453091247,-0.08613192690035422,0.12061569922103593
096MSVIS,2.6609682875627,0.399785605481766,22.63208096316246,0.41485966487867476,0.7629260352019535,-0.09571195774368887,0.09546556350744746
097MSVIS,3.3817964212438887,0.31777223188054415,16.949269214277315,0.3346160920697383,0.7332934561550425,-0.05148347600052477,0.1303311491148724
099MSVIS,2.8954818614887388,0.36692438215006007,20.503394496283136,0.3774426005332456,0.7551802560646901,-0.082182213797303,0.10888923436456818
100MSVIS,2.8078254604802755,0.37864745676877676,21.72954725407445,0.3895691401261179,0.7739822180627047,-0.07664197010556083,0.09031401191813226
103MSVIS,2.899019149840324,0.3695738406079323,20.65944850420098,0.3818834207339224,0.769856284295793,-0.013687289594442494,0.0954150484187527
104MSVIS,3.0355711449467115,0.3540193598526223,18.51532029164087,0.36164255883857643,0.7142570633507984,-0.11855590078353254,0.13015862667063638
105MSVIS,3.085320690380782,0.346998709750806,19.217589125448864,0.4021237716377421,0.7607809552717733,-0.04183374908108232,0.10123505661703967
107MSVIS,2.9366140533339102,0.3623455146904216,20.418987105273544,0.3979796521495052,0.7702855975067695,-0.061866139814670665,0.09683233537265622
108MSVIS,3.0770560695065527,0.3468727571214694,19.190994951395382,0.39709606889396537,0.7645948626083618,-0.07733403990179459,0.1038399952022066
109MSVIS,2.463647531047812,0.43261074236254277,24.585254318378727,0.432308344388109,0.7682937859921006,-0.12005419273572286,0.09197973071913615
110MSVIS,2.9082798296400383,0.3661741468816927,20.516691038832608,0.41924115039410115,0.766804668483575,-0.09248207834025923,0.10207102579736904
111MSVIS,2.7169544541604047,0.3927563940182402,21.549589122960718,0.3918205376689182,0.7520943732272037,-0.06866091090619841,0.11216547048301817
112MSVIS,2.6477968038260777,0.40176565168706163,23.073166541783326,0.41828679759324455,0.7754504548759161,-0.10785713797402394,0.09190263459893434
113MSVIS,2.809173593279318,0.3818514729790015,20.726341822615233,0.41800855805586995,0.7428613366152178,-0.0707169634144212,0.12964289997094838
119MSVIS,3.3996577054051413,0.3163108444839919,16.88737252649001,0.4090547883006452,0.7482777083705158,-0.04881368733728717,0.13062852794409324
120MSVIS,2.6745857162353732,0.39855576891296723,22.507029764168553,0.40481257100123386,0.7605417366717206,-0.10161476972372387,0.09809597447874566
121MSVIS,2.5856675290195215,0.4120151755580527,23.5339218623874,0.4174310683250178,0.7748569737620833,-0.08904341652533268,0.08246601387207411
122MSVIS,2.314730818274415,0.4596355174398171,26.758913736071637,0.4372531079819324,0.7850811361898559,-0.08667071783589583,0.08029585864954843
123MSVIS,2.6110564771475824,0.408963383272078,22.98518725586184,0.44201955197845505,0.763432487151534,-0.11248415405198861,0.10305483577101529
126MSVIS,2.763421848308807,0.3866159490489837,21.265613838763144,0.41015231516269796,0.7489773926812104,-0.07785764108259484,0.10531612788069213
FIS_028,3.106689924718571,0.3450269160004591,18.05730282630515,0.39355539191159516,0.715707306986482,-0.057192854319688034,0.14213395029815754
FIS_029,3.1169648509173014,0.3437732794545626,18.149708561092336,0.37180732928111493,0.7164078071527961,-0.09897344733412529,0.14047392328484593
FIS_041,3.6832375238472124,0.2957534513789948,14.393928808642901,0.3901914052636839,0.6957962813257882,-0.030950824317698022,0.18432611714110117
FIS_047,3.333262155694219,0.3235205908976757,16.23110610774261,0.3943276349270556,0.6996653774281866,-0.04391747724730211,0.17852389058318155
FIS_048,3.230193318092805,0.3337268736925432,17.321147966749034,0.4030077964042833,0.7125781682894008,-0.05536488591505622,0.14274169645963
FIS_049,2.9613183702729913,0.36153780535083907,19.141860274955764,0.4167484285528751,0.7195923159551347,-0.06406963354786938,0.13624545462150797
FIS_056,2.984969518956532,0.35930325851692846,18.995447885490936,0.39038199726273415,0.7203233637969825,-0.06145303131774206,0.1332316745020014
FIS_057,3.118628083779609,0.34710198523139535,17.471458491069097,0.4018545973905449,0.703367474762361,-0.02318159523864989,0.1610269273857974
FIS_059,2.846766228510094,0.3769603576045177,20.011103174966696,0.38416112617858983,0.7251709011834985,-0.097624918700621,0.1353551379509606
FIS_063,3.0039366868932267,0.3576688122261587,18.487084260981348,0.38377632679971285,0.7118879637841343,-0.08360920964558022,0.12356015835823529
FIS_065,2.957542727852303,0.36189344548422997,19.124037965451375,0.3909815912890481,0.7167319837248196,-0.10574442109015726,0.1279906212190759
FIS_067,3.116190174674519,0.34426708193841216,18.07457485367922,0.40723026285647057,0.7110310356852261,-0.0626637620951474,0.14179128827617205
FIS_068,2.849017055386832,0.37634839523177177,19.574805441812078,0.3558202102730336,0.7113194909578031,-0.09711257865871427,0.13608731669406549
FIS_069,3.2792452606645255,0.33021043234457503,15.92072701053879,0.34338263589801354,0.6739051636076053,-0.10261961588713146,0.17571832677168955
FIS_070,3.2044960570460974,0.33655190708640437,17.537180476113477,0.3941132822641699,0.7224971351182414,-0.08085715090974639,0.12770928528757186
FIS_071,3.2074736441829237,0.3367467032175283,16.99502313424367,0.4130766589974952,0.7024141065785486,-0.03863521715703075,0.15310094094366417
FIS_072,3.7192104644837656,0.29879343984228246,13.1767944953808,0.3690541720427249,0.6529136721794094,-0.01723997360720248,0.23494373040840472
FIS_073,2.9275063566965778,0.36523362594827785,19.428444056983505,0.41047784458944186,0.7204416614176146,-0.08738008124404756,0.1262075789932314
FIS_074,3.0699749075689446,0.3526124541030698,17.30113470184989,0.4011579181582059,0.6844117186276045,-0.03215716752790142,0.15167758472908513
FIS_075,2.7944045275332963,0.38395099831009094,20.42892052208046,0.4192685839307475,0.7163176167543958,-0.08536905070655287,0.13541090689758173
FIS_076,3.0291447420731084,0.3534953904931996,18.258081594700332,0.38841768154207834,0.7138088615140076,-0.04946726850440836,0.1234062794012329
FIS_078,2.9340589199895235,0.36684056193760683,18.557479705428353,0.3644554623993836,0.6970149253731344,-0.08303478498040831,0.15042214919972235
FIS_079,2.9545165319826094,0.3627313922861732,18.928734884406314,0.358844198334989,0.7082289083094184,-0.09372721038695793,0.13279937982248297
FIS_080,4.744254856155956,0.23059566729548206,9.793102121163889,0.3778185738656528,0.6462629446195407,-0.0645620368850458,0.21886032080395693
FIS_082,2.894815018244517,0.3698978037652432,20.15293726460539,0.4040873426806734,0.7374907595638515,-0.09904195917631105,0.1128535387508983
FIS_083,3.1366619439356818,0.34361633012633097,17.24104503305867,0.33405186374313406,0.6975321231898838,-0.0678603021382953,0.14333241399512692
FIS_084,2.9196617108394736,0.36524939316455735,19.886022886793164,0.3810735165987165,0.7369856137268548,-0.08866296022915987,0.12200023289191791
FIS_085,3.1395571219996277,0.3408341815145901,18.214065892621928,0.42076289915443776,0.7223298114872649,-0.11140607322631933,0.13600012242843
FIS_086,3.184776724805767,0.33815795362535905,17.695814164039824,0.39678804505553245,0.7179554185068074,-0.06431006713787431,0.14478691589619017
FIS_088,3.0115448065758863,0.35783523723260996,18.177171108942062,0.39937348575491216,0.7067698093854176,-0.05746433626682059,0.16020172071403194
FIS_089,3.1570661391517727,0.34042451162818266,17.56180370877571,0.3974697974063282,0.7156545645669928,-0.0753083902709305,0.16403308569233704
FIS_090,3.0721538813546903,0.35244961383424367,17.65421915013055,0.42002535683603726,0.7024051640286497,-0.04341164132855348,0.1548221853776358
FIS_091,2.8607773669530987,0.37492187639208624,19.83609044531516,0.40911454380971746,0.7178523999241131,-0.08702653332931992,0.1259111843286906
FIS_092,3.174940417438677,0.3386301138521684,17.22802572875643,0.38124531831532193,0.7059557132167503,-0.06639442691608194,0.14937310506560814
FIS_093,3.2402037297711566,0.3345170203445784,16.69090436132574,0.4084176784439901,0.6922231885384721,-0.03757520432911606,0.17959055975567717
FIS_094,2.7492624878190415,0.38932716382529137,20.972473981901157,0.4275392174748638,0.728786496350365,-0.10576903224034698,0.12864089886388078
FIS_095,3.2031056873083243,0.33416768316330886,17.698300168972196,0.3938325249372374,0.7281913643616035,-0.03551983394350591,0.1240473868347457
FIS_097,3.0611347164977576,0.3506562022682058,18.107352308519687,0.36145099198478614,0.7092840758179404,-0.0741150766809781,0.1453472425868275
FIS_098,2.768039275036244,0.3874742347983312,20.84989844408224,0.388125090172172,0.7308106407945514,-0.07221707728090218,0.12887437765389942
FIS_099,2.867966473767065,0.3744833142031138,19.730236877691304,0.38118931908915227,0.718351324828263,-0.07969572478778025,0.13714459871680673
FIS_100,2.9501256919512495,0.36309313976701624,19.162675391780997,0.3826216238535179,0.7197931716219299,-0.048522905915258006,0.13448414088497163
FIS_102,2.920471426469486,0.3687464564384451,19.170105552427444,0.41447986191384,0.707989948390932,-0.0489719132414968,0.1451730048537587
FIS_103,3.5536408135553184,0.304025843135867,15.366839232465976,0.39432412550071083,0.7051484052293149,-0.019140385872184064,0.15627808775798552
FIS_104,2.9600699149186975,0.36432583621171527,18.742659980893244,0.43294616167160566,0.7158734525447042,-0.03847136491385085,0.14157175662857197
FIS_105,2.84989737090928,0.3751108877208159,20.35812080574126,0.36606130770952683,0.7314955727725512,-0.0827590030697382,0.11965493860560406
FIS_106,2.6460333687310857,0.4054488474755553,21.161131475819207,0.382696773392979,0.7127406049495876,-0.057131044859913965,0.12876371437733886
FIS_107,2.591417253395709,0.412915028772609,22.68492210872311,0.39116760689891084,0.7429961679795926,-0.09186160716852045,0.12074663823065801
FIS_112,3.240479060401037,0.3321239240560679,16.750100061701982,0.38551294921444085,0.7010142333589022,-0.07972573446585453,0.1337971463437499
FIS_113,2.970014103551848,0.3603687490096635,18.995502076734464,0.3729953970945588,0.7164789657088025,-0.08414607447653157,0.1348562675930075
FIS_115,4.104200188915457,0.26914515670501366,12.100142044771019,0.3663010068928624,0.6775256661207206,0.06034209478316295,0.22083523232886876
FIS_116,2.762093436644882,0.38754032575645997,20.762739715375794,0.36952139863246236,0.7260698403440986,-0.10179897940580807,0.12430018251940304
FIS_117,3.5517326831419007,0.3042204969097963,15.065426684835678,0.3710351245388238,0.7024295753498708,-0.02416937819588973,0.17268984274034083
FIS_118,2.971491171602112,0.36169256069046035,18.632722141797938,0.4007680697077641,0.7050087718105289,-0.09531699302775502,0.14320321714378703
FIS_119,2.658039805900967,0.40162129226279103,21.665711330543,0.4097897938887944,0.7258807127710674,-0.07257031160643669,0.1237218902134137
FIS_121,2.9293737710685135,0.36529178011359625,19.228094079898312,0.4187342736609801,0.7091560115291339,-0.09476585696440748,0.11947740262102285
FIS_122,2.952924149671277,0.3618026331835433,19.326927698505177,0.404988292681171,0.7292285316041452,-0.0793691640564622,0.14036232001385507
FIS_123,2.8830562024636803,0.3726182333886878,19.298825318852955,0.3929272110350767,0.7137029260903075,-0.07041432086087791,0.13865129942000698
FIS_124,2.997382967040663,0.3584289185139855,18.54590793669288,0.3961206339758978,0.7137525582888559,-0.06402266294052962,0.14560642355638637
FIS_125,3.2990564503719666,0.33025395116132744,16.49925806307955,0.3552692508891557,0.6903461640095129,-0.04057307387254107,0.14518539229863858
FIS_126,3.2538135305848668,0.3336948884034042,16.172636008100007,0.3841348510212991,0.6834501666310968,-0.03819321509389973,0.1926800878301303
FIS_127,3.164595331836185,0.3405567741749239,17.231001050066652,0.35085928702099,0.6983627839884602,-0.05363834674834567,0.16418105191286586
FIS_128,2.872383291163645,0.3762977505868703,19.027284162689877,0.3993209302516394,0.6963045977847964,-0.06495265292956397,0.15672321630995018
FIS_129,3.4694795766609214,0.31164340942706814,15.028840828293895,0.34454186947715487,0.7042555522514203,-0.06113638105968228,0.1791319410691701
c001MSVIS,2.6037531123269138,0.40788981960228476,23.592922062661696,0.44809038257904205,0.779711919199648,-0.12198172549134478,0.09378622515886208
c027MSVIS,2.623318476871777,0.4073700306982145,22.496404784462083,0.4193202554929644,0.7400002205630976,-0.09453550613669291,0.10835324959586376
c029MSVIS,2.6073284434873183,0.4074252628190767,23.429287559935343,0.4381732079807104,0.7752665245202559,-0.09120243078901351,0.0927675516252029
c030MSVIS,2.52679642771357,0.4218959189805193,24.187870223219157,0.4211203613879168,0.7716877437655123,-0.06340341929174538,0.08745788255891977
c031MSVIS,2.4146333179058104,0.4401864597018314,25.30021424768525,0.4079722462748085,0.7701223817368793,-0.10070769567730996,0.08495728426011857
c032MSVIS,2.6260725373720253,0.4046250582680815,23.158746130595752,0.40818964429155147,0.7748266541309202,-0.10038075078578657,0.08922611320777206
c033MSVIS,2.6556815553526163,0.4012165995623759,22.67885551413808,0.4032398594092575,0.759172125349817,-0.07158292458148495,0.09682021158013791
c034MSVIS,2.5667338857407103,0.41391670067284003,23.838193883603733,0.41770138423626907,0.7789952569935147,-0.08650956573491797,0.09289357905171629
c035MSVIS,2.6728922433237785,0.3976409474906056,22.581680703543615,0.4066062359312863,0.7657462551885941,-0.08601967953898809,0.09958528740404875
c036MSVIS,2.65245588336571,0.39988543693348516,23.034597658297407,0.44628165084383775,0.7760991933767917,-0.1151879593422741,0.09239235336259682
sFIS_01,2.738866972585636,0.39174423133843644,20.375157736887378,0.41373221294941304,0.713139576041216,-0.08113335564430103,0.1326474809739044
sFIS_02,2.9762182184046444,0.3620470376085111,18.399371855001004,0.3836714974158526,0.6950028312570782,-0.0766875261088133,0.15438541426225155
sFIS_03,2.8176023803955075,0.3801502841994338,20.49388277608286,0.41334841444083537,0.7326854721926349,-0.06505352455064173,0.1272249699893796
sFIS_04,2.9445953131989593,0.36423488416503547,18.979817260480583,0.36318096609698375,0.7140629095674967,-0.069307471718102,0.13469440033543423
sFIS_05,2.804523452666515,0.38213174301480696,20.75834775246919,0.42643486947842446,0.7309999294333498,-0.10375895729641117,0.11729537616413671
sFIS_06,2.7201318384311306,0.39448287633459594,21.30405130124152,0.4502553397065784,0.7240317007756059,-0.09450250052458989,0.13574673966436226
sFIS_07,3.0036229728775736,0.35901591376432024,18.558147665012118,0.3674997469893042,0.6950743957077272,-0.08102652045812354,0.1549446885274901
sFIS_09,2.7263212772655367,0.3936696420451059,21.174793858475795,0.4365783276902071,0.7221605126640219,-0.08511914595409889,0.12296367580914276
sub-0001,2.7121565117050186,0.39244642664532436,22.77716875985863,0.39427366719351253,0.7918017300461222,-0.06050969683171166,0.08291486128033365
sub-0002,2.697090892274922,0.39575463220070595,22.293473810578263,0.4238953680799799,0.7615133983583617,-0.046168325943211956,0.10833508954486425
sub-0003,2.7401414125938737,0.38735562522508354,22.307718504453543,0.40319974235721556,0.778231239760753,-0.06521245907789373,0.08532529527143076
sub-0004,2.910792589069894,0.3658579472888281,20.3773610394669,0.407176929132883,0.7644232289065217,-0.08183823612950264,0.1202622522261935
sub-0005,2.5352826497539085,0.41915827355426166,24.45937668702182,0.42420519698150916,0.7857840009009347,-0.07711551047747046,0.07669905442412309
sub-0006,2.5747400978052424,0.4132612435406616,24.03521898680485,0.3780761019196842,0.793152507298326,-0.08022099533081878,0.07573735584350863
sub-0007,2.67675202108845,0.3961131834660412,23.16179870798789,0.3973529408187333,0.7890721438979794,-0.08531476741851271,0.08061419298379566
sub-0008,2.724140911759937,0.3905439621114354,22.49846211903539,0.3840937278608564,0.7807217118336549,-0.0752946021640924,0.0869439562161549
sub-0009,3.159969104995192,0.33627579509860706,19.010456072027825,0.38089676133958844,0.7768636619218136,-0.08376802908219316,0.08719586291566046
sub-0010,2.6206666547157806,0.4063007591427649,23.847741999881134,0.4218348607649522,0.794655440651597,-0.08466567571186592,0.0782087973431591
sub-0011,2.450074380567198,0.43573839699624584,25.232134048816448,0.42184333061916723,0.7813108122357814,-0.08451198773877161,0.07857354486781219
sub-0012,2.5907557680538416,0.410536176615289,23.66157413664997,0.4326072818827427,0.7812965179066577,-0.08723796967455227,0.09174401476110391
sub-0013,3.9380539895767366,0.2750392403358581,13.646537961463384,0.36185387076764447,0.728518110102638,0.051879872902688494,0.20448047249997706
sub-0014,2.57348250955508,0.4151554145932841,24.183605947914515,0.40820788681029435,0.7897050122559378,-0.049490805652051585,0.0726106642761521
sub-0015,2.6576279151437445,0.40122301468385224,22.930686964987917,0.40117100094902447,0.7802566882186689,-0.08034319886379969,0.0869752129626864
sub-0016,3.1711752439213963,0.33773181333606256,18.601291309951865,0.3825631353654722,0.7704220065419057,-0.030201714406292962,0.12290152072386126
sub-0017,2.7393749340990503,0.3883742999496689,22.118152742332605,0.42608303159940963,0.7789039375728765,-0.06200945695596014,0.0939365528846337
sub-0018,3.695458396741671,0.2907952303054761,14.965040228804503,0.3158507245283828,0.7417461221004696,-0.06593710319109888,0.12482653326232043
sub-0019,2.493536127426986,0.4269505610147125,25.03274665304802,0.4279324842028759,0.7914710885144116,-0.032458364831434106,0.07448697419683081
sub-0020,2.5851066218592167,0.41139457937661117,23.36528986486433,0.4189514830939373,0.7716061118504658,-0.09349810399316878,0.09433738627700851
sub-0021,2.62380199386061,0.4044913705809542,23.351352604568916,0.4245366299418598,0.7818918634769227,-0.07104616011063844,0.08698114154901936
sub-0022,2.719109240682354,0.3919890561846535,22.398986465500613,0.3963412552507657,0.7779859577153676,-0.04766249348427616,0.10427983639670685
sub-0023,2.4429753749015153,0.4361548047343287,25.14799190622021,0.414709800441125,0.7801468018175464,-0.05865649762575739,0.08810731559944385
sub-0024,2.670895518503786,0.39895895271830734,22.84365841407323,0.4427925272669758,0.771770627575627,-0.04364812717968374,0.09068312438441664
sub-0025,2.7236582887183927,0.391640774112486,22.424681718387614,0.3973586536540969,0.7833638291074904,-0.06192187248907747,0.08298057787260985
sub-0026,2.3092989136572113,0.46057409151895584,27.168841940756078,0.4447047427849867,0.7947236664740998,-0.07261412899354629,0.07368379594339602
sub-0027,2.382640606148829,0.44771096453724624,25.560029134430152,0.4231974757555321,0.7756663033785792,-0.08063253060040354,0.0898319131914553
sub-0028,2.7693004575274425,0.3840133360538784,22.15834673164802,0.39043620619317215,0.7905875668765684,-0.058578037756172846,0.08931758932596921
sub-0029,2.5723839895489014,0.4121181219347272,24.069854463643445,0.4178280167967491,0.789498620439787,-0.0626374019268915,0.07707865932044278
sub-0030,2.7056044234889605,0.3944175681914786,21.5410389745545,0.38533565618405435,0.754918468628146,-0.07534704576271123,0.12454988963467986
sub-0031,2.55310596132969,0.4193159836485612,24.385989531423423,0.39704312639993694,0.7954507948732054,-0.05382704449591678,0.06456918224980297
sub-0032,2.526125205376122,0.42187797025224705,24.455279899966065,0.4127494562813142,0.7851559152582719,-0.07631420640087667,0.0790288423172083
sub-0033,2.860178893814996,0.37305555907437443,21.4102998645566,0.41719469548933075,0.7885248288918014,-0.07810293771859804,0.09923906669350854
sub-0034,2.382935073139411,0.4497643686216051,26.09153571547924,0.41251423084624134,0.7875964284697644,-0.05773644776195249,0.07565486597898473
sub-0035,3.2166993849293704,0.3356775561703256,18.149704265732773,0.4009930107713009,0.7568159911874053,-0.008799004766622244,0.1094561682184883
sub-0036,2.3022598441701256,0.46097884059852673,26.9692463126019,0.4503127462337588,0.786813125227674,-0.06691406132682627,0.07980209964061137
sub-0037,3.043288006930662,0.34983811318744773,20.05807551254466,0.37789894871216256,0.7874040464572097,-0.05095809498730804,0.08515722974036545
sub-0038,2.6776889140267475,0.3980993473335246,23.23225954417827,0.4043041431356748,0.7881453369352863,-0.07483105422121503,0.07203730365953863
sub-0039,2.5523714903092687,0.4169699532380954,24.021499334843607,0.4091209156789188,0.7847317414518649,-0.05986870234409425,0.08207029414637201
sub-0040,2.866894233392374,0.370710638255596,21.4634798702961,0.4178937257768376,0.7907192312057811,-0.04768018020243009,0.08398767084376792
sub-0041,2.825666443128516,0.3765214779724047,21.830831704112754,0.40540915056028287,0.7919648438593381,-0.09402999674409727,0.08416184118359202
sub-0042,2.605661290459577,0.4091720509338499,23.503337882742102,0.4107889743573732,0.7796874695175482,-0.05098289302081084,0.08054878397809065
sub-0043,2.520076481651106,0.42353390232520627,24.180362460950473,0.39430790249331443,0.779395853437436,-0.04924518056612938,0.08752429091273974
sub-0044,2.7199236513461864,0.3903455370456273,22.687638756493826,0.4237788261642189,0.791381099755963,-0.09381040688774257,0.07122198089568643
sub-0045,3.1424893709181063,0.3404440510767235,18.91117230504679,0.3979431765620935,0.761447234906139,0.0016304840660908118,0.12831174964593955
sub-0046,2.692928483686149,0.39492777222809355,22.935100940978117,0.4231118995177168,0.7834543121444851,-0.09172211738679405,0.09008500154677984
sub-0047,2.574960552069376,0.4140614569748266,23.615726286147652,0.41139766414337964,0.7716217429024441,-0.06358650919200144,0.09186412878611525
sub-0048,2.62128835496052,0.40589528398565916,23.7422244784904,0.42096899928801684,0.7951531946521807,-0.07356124512242895,0.07531830808810172
sub-0049,2.553710254753786,0.4164759705905817,24.05405195346361,0.41529214610977444,0.7767220219375623,-0.06901965467716255,0.08732205335802423
sub-0050,2.6298236227276877,0.40624481640373417,23.679678795030487,0.40807937014120116,0.7906453412683653,-0.0800784025030643,0.07810393688952148
sub-0051,3.190057139579727,0.3350735884423162,18.24845938891683,0.4041439235561707,0.7538176460082158,-0.04555532587754849,0.11860720308793896
sub-0052,2.991742706674133,0.3555182976842945,20.148740065651747,0.41076687206864765,0.7704655870445344,-0.0412016954620385,0.10309970092547582
sub-0053,2.553129616145689,0.41697623323264293,24.331327384416902,0.42553631564825223,0.7916163290534656,-0.07586986572869801,0.07719749272090713
sub-0054,2.5941544602472835,0.41467424008727466,24.101450954616205,0.4242178119224942,0.7958360369001608,-0.03817017527611119,0.07106948336494405
sub-0055,2.4023939634399536,0.4435117421801454,25.87400620729695,0.42653673022338223,0.7843094796501502,-0.09304020381901854,0.08395010455767954
sub-0056,2.508925196723027,0.4234869391566048,24.700086752948785,0.42395068050861334,0.7893138138277614,-0.08582012208669854,0.07920278685340848
sub-0057,2.5351738826049033,0.4209386796528321,24.578640837304327,0.4217422702508519,0.7928225078935498,-0.051785221631614926,0.07096446819506128
sub-0058,2.6440371133729053,0.4033968521717012,23.552232240769477,0.4110793592042221,0.7931898406430161,-0.05614338978012291,0.07974188241863922
sub-0059,2.528037462292298,0.4198732099238434,24.322871750988103,0.4390445046245009,0.7836025171904543,-0.06741119115984406,0.07179409730086275
sub-0060,2.5383065164527223,0.4198860075128137,24.095595674430452,0.39331121766173033,0.7821602881933685,-0.052351971022121066,0.09314911134787825
sub-0061,2.576672223660756,0.41270137353545755,24.021287972331134,0.42863071595367996,0.7874915049460092,-0.06274494912042297,0.07605734193801994
sub-0062,2.47278007878392,0.4301027246929733,24.99996605919421,0.41636172784388337,0.7864186254590192,-0.07342011070667173,0.0738974211507268
sub-0063,2.702487015358874,0.39357490772925374,22.50660313293115,0.40109194291182965,0.7776303853769398,-0.07121222935973427,0.08634748362082798
sub-0064,2.595261100309173,0.41103771313957255,23.69285110106899,0.4252014589903376,0.778233583645816,-0.08547790064374394,0.0920083880979249
sub-0065,2.4564783962338055,0.432297552624097,25.329711420777066,0.43422596701136557,0.7920893797354566,-0.09562272041481959,0.07806089991064702
sub-0066,2.537542847852323,0.4186342974749557,24.30167326060508,0.43506842094044496,0.7888620542690723,-0.07107373151154951,0.08813941256120841
sub-0067,2.5418491633977265,0.4174179971326815,24.31429592401334,0.43374132540998334,0.7886427985992102,-0.08204230861500575,0.08496901773704987
sub-0068,2.529007225656199,0.4207666830195386,24.65431189305185,0.43511797348162484,0.7913865722016122,-0.06691447042448209,0.07676110748738593
sub-0069,2.485471021807168,0.4282364862582211,24.89517570209314,0.43212342318133423,0.7863882924624251,-0.06757470187651038,0.08490675496275396
sub-0070,2.5095052307746726,0.42516429827415764,24.787833652134026,0.4115749722237259,0.7902229334921285,-0.08955610721476401,0.08544425061321846
sub-0071,2.5479006242240008,0.41799283198226506,24.446231691191194,0.426519347580527,0.7899758657461975,-0.07499083014254038,0.07580322020666362
sub-0072,2.32924944503108,0.45845569043398793,26.594973758378288,0.40983079944547024,0.7901917854558781,-0.07385722925818243,0.08002092680431615
sub-0073,2.4384482698285215,0.4356313825108697,25.597287212957614,0.4211306506628578,0.7945174444947893,-0.09137887657857768,0.08136598813684352
sub-0074,2.620613824432188,0.4079249427836657,23.600045073119013,0.4248869837591361,0.7876262770389818,-0.06129043260801518,0.08207455330252796
sub-0075,2.6149153639442426,0.4059357668627503,23.690020280441516,0.4114384934298769,0.7919519762083969,-0.06395966697880537,0.08349062750233135
sub-0076,2.4243675921518393,0.439526033643387,25.484625100567325,0.4387684346026233,0.7877922809653488,-0.07704622696944406,0.07199856471429042
sub-0077,2.5289028483243743,0.42018605030931716,24.536988802860588,0.44110383397842806,0.7900965664233031,-0.06870903084421641,0.076858521986306
sub-0078,2.4227974680722046,0.44156526824928444,25.618402148393997,0.4363804455522777,0.7921783185174024,-0.05769783203925794,0.07435779669828288
sub-0079,2.5561121996289176,0.4197496885949775,24.148423117529855,0.39919458552214043,0.788019650825961,-0.047490632998790944,0.07012067579996853
sub-0080,2.582241521600968,0.41259871066417314,24.016949006983435,0.41962749476224787,0.7896757077135842,-0.0732513800528113,0.08348047311508823
sub-0081,2.546581613501672,0.41852597271405667,24.24798098504805,0.4460758343883946,0.7832841310555099,-0.07599750744484074,0.07844282943280496
sub-0082,2.332735418648529,0.45713310963586457,26.53310592465089,0.44139775317694135,0.7803109997513532,-0.06867908835651644,0.08514351302484142
sub-0083,2.482786158327109,0.43049833060933307,25.13188803124659,0.4314275344428128,0.7883238393753695,-0.06589353293597126,0.08766327782074551
sub-0084,2.433862656362334,0.4367887168711515,25.38742995250731,0.4082240260994405,0.7880653055124877,-0.08488412565144454,0.0819918127715808
sub-0085,2.5116006638812856,0.4261533700379156,24.451504187712338,0.40183921741850454,0.7853822139315504,-0.06634481653972686,0.09338142736210102
sub-0086,2.4030673349468765,0.4423868541890632,26.106354005744084,0.4281147226830107,0.7985096709977672,-0.0846414689725966,0.07535132199371175
sub-0087,2.456057560573965,0.43193456578128986,25.15163174151438,0.4159221588918855,0.7830215339399763,-0.08177030840830708,0.0828457729783157
sub-0088,2.486212702483882,0.428705600009382,24.99272447004405,0.4290039852837379,0.7895335932386671,-0.04970443146813435,0.08257299484130236
sub-0089,2.6133602137689445,0.40800759451950636,23.747188939037276,0.42121331160377645,0.7951711404630024,-0.05822483672512451,0.08510273488741983
sub-0090,2.383189476075321,0.44631730737528336,25.807522144402153,0.4443479968186473,0.7873451993936679,-0.07039210500489758,0.08267346883207544
sub-0091,2.454994057883891,0.4341241899509487,25.240696264187214,0.4231644932384718,0.791337479688463,-0.06864506030239051,0.07926921447638294
sub-0092,2.4263564970562133,0.4390451478617866,25.670345230682216,0.43564350394362555,0.784285150153256,-0.07716358797329036,0.07769404187914257
sub-0093,2.4896626107864686,0.4280013351836546,24.785938719189694,0.4113131399730527,0.7853873089882868,-0.08383017075412588,0.0828153578307499
sub-0094,2.3763711526373275,0.44949912556635624,26.09789128462733,0.43048763415795605,0.7904810298102981,-0.049349960478728645,0.08720974665219478
sub-0095,2.5384842690258913,0.41927289276988144,24.34122544344101,0.4196266902823536,0.7870450362468542,-0.07625415930775677,0.08812437539877575
sub-0096,2.3939508923859565,0.44511749778825066,26.010309353522402,0.4519530580338092,0.7915292094614169,-0.04833677359133681,0.07741067587093757
sub-0097,2.823962532686643,0.377219891678646,21.86929846353112,0.39560438834803374,0.7902968370748845,-0.06450920619139286,0.08564680299532301
sub-0098,2.4697095947120578,0.4321066979273254,24.833073071679667,0.43962548544763946,0.7775341324019686,-0.07230936480305258,0.0937790486640808
sub-0099,2.568246133085562,0.41586091276581244,24.19589170189163,0.4145529472520342,0.7896029818715762,-0.037992783976693235,0.08234347681055741
sub-0100,2.7014188985954837,0.394310037151947,22.610352014925628,0.40802148427154017,0.773279471604647,-0.06276839771462538,0.07155260284054518
sub-0101,2.5887550427530233,0.4109101749840543,23.765317583989297,0.40862105286831224,0.783429944860738,-0.0703762578583211,0.0798626813534596
sub-0102,2.547835380454526,0.4174121407574924,24.381075384513817,0.4328091813959021,0.7914806582363599,-0.04529088403972544,0.07791982673340539
sub-0103,2.4068087917482823,0.4417751169560529,25.480333530783298,0.4297528298878688,0.7783783783783784,-0.08877023647034285,0.09227885849638881
sub-0104,2.6309813573100826,0.40466899440191584,23.218907685806784,0.43501016112179974,0.7746128210154871,-0.05436490537751158,0.07827314406519112
sub-0105,2.5715477989262574,0.4138161523054828,23.795713710221634,0.41795524097483566,0.7809532032464168,-0.07162444740013602,0.07734692992351529
