ID,nodo1,nodo2,nodo3,nodo4,nodo5,nodo6,nodo7,nodo8,nodo9,nodo10,nodo11,nodo12,nodo13,nodo14,nodo15,nodo16,nodo17,nodo18,nodo19,nodo20,nodo21,nodo22,nodo23,nodo24,nodo25,nodo26,nodo27,nodo28,nodo29,nodo30,nodo31,nodo32,nodo33,nodo34,nodo35,nodo36,nodo37,nodo38,nodo39,nodo40,nodo41,nodo42,nodo43,nodo44,nodo45,nodo46,nodo47,nodo48,nodo49,nodo50,nodo51,nodo52,nodo53,nodo54,nodo55,nodo56,nodo57,nodo58,nodo59,nodo60,nodo61,nodo62,nodo63,nodo64,nodo65,nodo66,nodo67,nodo68,nodo69,nodo70,nodo71,nodo72,nodo73,nodo74,nodo75,nodo76
002MSVIS,40,49,45,19,45,61,51,55,49,43,41,39,53,25,39,50,37,46,40,49,42,49,66,42,49,54,65,52,57,23,61,71,50,64,60,38,30,26,70,57,68,54,47,23,19,38,42,40,17,39,56,52,54,45,45,36,36,52,27,43,45,45,48,33,47,40,49,64,31,54,58,62,59,54,11,69
003MSVIS,39,51,46,20,48,65,53,55,59,53,45,50,66,18,42,51,34,52,45,51,47,53,65,46,57,62,65,66,61,28,64,73,56,71,61,47,29,36,71,59,71,65,55,25,34,38,50,49,17,40,67,55,52,53,49,43,50,68,31,44,51,40,50,41,51,46,53,65,43,58,62,66,66,57,24,67
004MSVIS,41,46,43,19,38,63,52,52,52,46,41,39,60,27,43,44,34,47,42,47,50,49,66,41,58,58,63,60,51,27,64,68,55,69,56,50,29,36,72,56,71,64,44,23,31,42,47,49,17,38,64,49,50,52,40,42,37,59,27,45,46,41,48,43,49,47,50,66,40,55,60,65,62,53,25,65
005MSVIS,42,49,42,20,38,64,56,53,53,50,43,44,64,23,45,53,35,48,41,50,49,54,67,46,59,58,66,64,54,35,67,71,55,67,59,48,32,34,74,54,67,61,49,27,33,40,51,44,18,30,64,55,57,52,44,42,51,64,26,45,50,38,49,39,52,46,51,66,45,56,61,67,65,53,26,68
010MSVIS,39,48,42,20,42,64,59,57,51,49,44,45,64,29,45,51,33,48,43,49,51,53,67,44,52,57,65,65,53,29,67,72,55,69,60,48,34,33,73,63,71,60,48,27,34,39,49,49,17,39,64,51,52,49,47,43,45,63,31,45,50,38,54,41,51,44,53,66,43,55,61,67,64,57,31,66
011MSVIS,39,50,44,19,50,65,59,58,57,49,44,41,67,23,46,50,42,51,43,51,52,52,69,46,55,62,66,64,55,34,66,73,60,66,61,47,34,32,72,61,70,61,44,26,30,41,52,45,17,44,64,56,53,52,51,41,45,68,27,45,51,43,49,40,51,47,54,69,39,57,64,65,67,58,31,68
012MSVIS,37,46,45,19,38,62,47,50,52,47,43,45,60,24,42,51,31,47,39,50,44,53,67,47,56,59,65,60,55,23,63,73,57,71,56,51,35,34,72,60,70,46,60,27,34,40,47,45,13,29,64,48,49,43,50,38,49,62,28,41,47,42,53,38,49,42,51,68,42,57,61,64,67,52,20,68
017MSVIS,40,50,38,20,46,61,53,51,51,48,43,42,60,27,46,51,36,49,39,52,47,54,62,36,53,58,63,62,53,29,62,71,54,66,57,50,34,31,73,52,68,63,51,25,31,42,50,49,17,38,67,55,55,53,47,43,48,63,31,43,48,39,45,41,50,47,51,64,38,51,60,65,62,56,26,64
018MSVIS,41,51,43,20,50,64,57,54,54,49,38,42,65,27,46,52,32,49,36,53,52,55,65,41,57,60,66,64,56,32,65,72,56,66,60,49,33,34,71,52,70,58,49,25,35,40,49,45,18,40,67,56,58,50,46,38,52,65,28,45,50,34,48,36,55,49,53,65,39,57,59,67,63,59,25,66
019MSVIS,40,49,47,20,43,65,50,54,56,53,44,48,64,23,43,50,40,52,43,50,47,49,66,49,57,60,66,65,58,24,65,73,58,70,59,52,34,39,72,54,69,60,51,26,36,40,46,47,17,32,65,52,51,51,49,41,41,64,25,46,49,40,54,39,49,49,49,70,38,59,63,66,64,53,22,66
021MSVIS,41,48,44,20,45,65,57,56,52,53,44,41,68,29,45,47,38,53,44,49,52,50,67,41,53,64,64,67,55,34,65,73,58,68,61,51,28,40,73,61,73,61,57,23,35,39,49,48,15,45,66,54,57,52,47,42,43,64,31,42,48,37,52,41,51,44,50,69,35,59,62,69,67,56,29,70
022MSVIS,38,48,43,19,38,65,57,57,56,48,44,42,65,26,43,49,36,49,43,51,49,51,65,45,58,60,68,65,55,37,64,73,59,68,60,57,32,38,71,61,69,60,55,26,36,35,48,46,18,40,66,54,51,47,49,42,43,67,30,45,50,37,53,41,51,46,52,66,33,59,65,65,68,59,25,64
027MSVIS,37,48,39,19,42,58,50,48,48,36,42,32,65,17,48,54,23,50,29,53,49,54,67,42,54,57,59,64,56,30,67,68,51,68,58,33,32,28,68,58,66,58,44,22,29,39,47,45,15,36,62,54,51,45,42,34,44,66,17,44,50,34,48,36,50,44,52,64,42,50,61,63,63,58,31,67
030MSVIS,36,49,45,20,33,62,50,51,50,51,42,45,62,24,43,50,36,52,45,53,46,52,66,46,56,59,64,62,53,34,64,71,59,70,59,48,33,41,71,59,70,59,45,26,35,39,49,48,16,26,64,55,53,54,46,44,50,67,20,47,46,37,47,38,51,41,52,68,41,55,59,68,66,55,25,70
031MSVIS,41,49,49,19,42,63,56,55,52,52,45,45,61,27,41,47,43,50,40,52,43,55,67,48,59,61,62,67,55,30,65,71,58,69,61,53,33,34,72,58,70,62,50,27,39,43,50,51,18,29,65,51,55,52,46,42,48,61,22,47,51,34,47,42,50,42,50,68,45,56,60,64,66,56,28,63
032MSVIS,36,49,38,19,47,64,53,48,53,49,45,47,62,28,43,51,37,49,38,54,41,54,66,47,55,60,66,59,50,21,62,73,56,68,56,45,29,32,72,51,69,58,50,21,29,41,43,45,17,34,65,55,53,48,48,41,40,64,30,43,48,40,45,39,49,44,47,66,36,58,61,65,61,51,27,62
033MSVIS,37,48,29,12,42,58,41,47,44,41,32,40,61,10,45,50,24,43,21,43,46,53,59,43,52,56,58,58,49,24,62,65,54,63,47,38,25,28,63,52,57,45,38,22,30,37,50,45,14,34,63,46,41,50,43,37,45,58,19,41,47,24,39,33,48,43,48,59,40,52,59,60,61,52,10,59
035MSVIS,37,49,42,19,46,64,56,59,52,46,44,41,67,30,42,51,38,50,43,53,48,54,65,47,59,63,66,67,58,37,65,72,59,69,58,51,32,34,73,57,69,58,55,26,36,39,50,45,17,44,63,57,56,51,46,43,43,67,31,44,46,36,53,41,49,46,50,68,32,58,62,65,68,54,26,71
036MSVIS,40,47,40,20,37,65,51,49,49,53,41,45,65,26,44,45,34,49,41,51,47,50,65,45,56,60,63,63,60,28,63,70,58,70,59,44,34,40,70,57,70,59,48,24,32,39,47,49,16,40,68,57,52,53,46,44,41,66,25,44,48,36,44,40,50,46,50,68,38,57,61,63,66,53,21,63
038MSVIS,40,49,48,18,50,65,57,57,55,48,43,45,65,28,41,47,44,51,39,53,52,52,66,47,56,60,68,62,58,27,62,70,57,67,58,45,31,33,71,57,70,56,48,23,28,42,48,51,16,40,66,52,53,52,47,42,44,63,29,46,52,42,52,41,53,47,52,69,39,59,62,66,66,56,24,66
039MSVIS,39,31,39,17,28,54,39,38,31,48,30,41,48,17,38,42,37,45,26,41,47,49,61,40,47,53,47,60,47,22,61,63,45,66,49,22,23,18,64,52,62,52,27,18,17,39,38,37,17,26,53,43,55,40,42,37,39,55,23,40,46,37,43,30,39,39,49,60,39,45,53,49,55,42,24,59
040MSVIS,38,48,42,20,45,63,57,57,47,52,39,43,66,26,48,47,29,45,36,52,49,56,66,42,54,54,63,65,57,32,65,70,54,65,53,49,34,35,74,51,69,60,53,26,28,38,47,44,18,37,65,46,54,41,50,35,46,63,20,46,48,29,44,32,53,47,52,67,37,53,57,65,61,58,30,69
041MSVIS,42,51,42,18,51,64,55,55,48,45,43,47,64,25,41,50,35,48,39,51,48,54,65,45,55,59,65,66,59,32,65,72,54,68,59,44,29,33,72,58,69,62,50,24,34,41,49,46,14,42,60,53,57,50,43,42,37,64,31,41,46,39,50,41,44,46,48,68,29,58,61,57,62,51,18,67
042MSVIS,42,49,41,20,41,65,55,55,56,53,44,47,66,27,45,49,39,48,43,52,49,54,69,44,58,64,67,65,60,34,66,72,56,69,58,51,33,37,73,58,71,63,54,25,30,40,51,43,18,38,66,56,55,47,50,41,41,66,26,47,46,41,50,42,49,48,50,69,35,59,63,68,67,53,28,68
043MSVIS,39,50,39,19,48,65,60,54,51,49,43,46,66,31,49,50,38,53,43,52,50,52,66,45,60,62,65,67,54,33,63,74,61,70,61,53,27,35,74,62,71,64,61,26,32,40,49,48,17,43,67,57,51,51,48,44,48,67,27,50,48,43,51,40,53,48,51,65,41,59,62,65,68,58,26,66
044MSVIS,40,52,45,20,52,65,49,58,54,49,45,48,66,27,45,50,38,49,46,53,48,54,67,51,52,62,67,67,58,32,66,72,58,69,62,48,28,33,71,60,70,62,53,26,34,40,50,52,15,41,60,56,55,51,49,43,42,65,31,47,49,42,53,42,48,47,49,67,36,59,63,62,67,55,32,69
046MSVIS,39,51,41,20,44,64,57,56,50,53,38,47,65,25,47,52,37,48,36,52,47,55,68,44,57,57,67,66,54,33,65,73,54,69,61,49,27,39,71,52,69,65,48,26,33,40,48,39,17,37,66,53,57,50,51,35,48,65,26,47,52,37,46,36,54,47,53,66,40,54,58,68,67,56,26,64
047MSVIS,41,48,42,20,46,65,56,52,52,49,44,49,65,22,45,48,37,48,33,53,51,54,66,47,57,61,67,60,55,20,61,68,56,67,60,43,29,34,69,55,67,59,47,26,34,41,52,44,17,37,63,53,55,48,48,37,50,62,25,44,52,42,52,37,49,47,54,69,33,58,62,61,61,51,22,60
048MSVIS,40,45,39,18,50,60,52,52,53,47,41,37,66,28,40,44,40,54,41,46,45,46,66,43,54,59,63,66,52,34,66,70,54,71,59,45,25,36,74,55,69,60,47,22,24,40,46,38,16,41,59,48,55,50,41,43,37,61,28,44,52,37,51,42,48,44,48,63,37,58,59,61,62,52,24,69
050MSVIS,37,48,42,18,45,63,51,54,50,50,43,47,65,25,49,49,38,47,39,52,46,54,66,42,54,59,64,65,56,25,56,71,58,65,59,50,35,37,72,58,68,60,59,25,38,40,47,46,17,39,67,55,52,46,52,44,42,66,23,46,44,36,49,41,47,42,47,67,31,56,61,66,66,59,22,60
053MSVIS,42,49,48,20,50,65,59,56,58,49,42,43,66,27,46,53,39,52,41,55,46,56,69,45,55,60,67,63,55,27,65,73,62,67,57,50,32,37,72,58,71,59,55,26,32,40,48,46,18,42,64,56,57,51,50,36,46,67,23,47,53,38,50,32,54,48,56,68,37,56,62,69,68,58,30,69
054MSVIS,40,49,45,19,48,63,51,51,51,52,42,49,65,27,45,44,32,51,40,52,49,55,68,49,60,61,67,66,56,30,59,70,60,70,58,54,33,37,72,63,68,60,47,26,34,40,46,51,16,43,68,57,52,53,49,44,46,65,27,42,47,38,51,42,50,45,48,69,37,58,60,67,68,57,27,65
055MSVIS,41,50,45,20,49,65,57,53,56,53,44,49,65,21,46,51,37,55,40,55,51,53,69,47,60,61,67,61,61,28,61,70,59,66,57,53,34,34,72,61,69,60,57,25,34,41,46,44,17,37,66,58,50,52,52,43,38,67,21,46,48,35,51,37,47,48,49,67,36,59,62,65,67,55,26,66
056MSVIS,43,49,45,19,48,63,55,54,55,49,45,50,66,25,40,50,36,49,39,49,44,53,66,48,59,61,66,66,59,33,65,73,57,70,61,49,35,37,72,58,72,60,51,25,36,39,51,46,14,38,60,54,54,50,49,44,46,64,30,41,49,40,55,44,48,41,47,69,33,57,62,62,67,51,26,68
058MSVIS,40,49,46,19,44,65,54,55,52,53,43,47,64,25,48,44,38,49,42,53,50,53,67,44,59,59,67,67,58,34,62,73,61,70,59,55,36,39,71,63,72,65,57,25,38,39,50,51,18,40,65,51,57,50,47,44,47,65,27,48,51,41,49,42,53,46,53,68,38,58,61,67,66,55,27,68
059MSVIS,44,51,42,17,50,63,57,52,52,48,43,41,63,27,45,49,37,52,40,50,47,49,69,36,56,62,64,64,54,40,61,71,54,68,53,51,32,27,74,57,68,57,52,24,34,40,50,46,15,42,63,55,54,49,43,43,47,65,25,46,50,35,48,42,53,45,54,69,27,58,60,64,66,53,23,67
061MSVIS,42,50,49,19,50,61,55,53,52,52,45,47,65,28,47,51,42,55,41,54,48,54,69,39,59,62,66,68,59,28,61,74,60,69,60,57,31,37,74,64,72,63,54,25,38,37,50,49,16,44,66,52,56,52,49,42,51,65,27,45,52,39,55,39,53,40,52,70,44,59,62,67,68,58,24,68
062MSVIS,42,52,43,20,40,64,54,55,53,52,42,48,65,25,49,52,43,50,42,53,49,55,65,46,58,63,64,61,61,26,66,70,60,66,61,48,33,34,72,58,70,62,50,24,31,42,51,45,18,43,66,56,57,51,51,39,44,64,23,46,51,43,47,39,49,47,49,68,39,57,61,66,67,54,18,66
063MSVIS,37,50,47,19,52,65,55,58,58,47,44,47,65,27,43,49,39,53,46,55,49,56,69,48,59,61,68,65,60,35,65,74,56,71,59,52,33,36,73,59,73,62,55,26,33,38,50,44,15,43,61,55,55,49,48,42,48,66,31,46,49,44,56,44,48,42,50,69,36,58,63,61,68,52,25,69
064MSVIS,40,50,50,19,38,64,53,56,57,54,43,42,62,21,44,49,32,45,38,51,47,53,68,39,53,56,64,63,58,26,61,70,52,67,57,43,31,31,67,53,60,56,50,25,28,39,50,49,17,37,65,55,51,48,50,44,45,63,27,42,47,40,51,41,50,44,49,66,44,57,61,67,62,56,29,60
065MSVIS,44,47,38,18,46,60,50,58,52,51,44,44,62,25,47,49,31,47,38,53,52,48,66,43,57,62,62,63,57,32,65,63,56,65,55,44,28,36,72,55,65,58,42,21,28,40,50,48,16,43,64,54,54,52,44,41,33,64,26,41,46,35,49,38,49,48,55,66,37,54,62,65,64,56,27,68
066MSVIS,36,48,45,18,39,65,50,55,50,52,41,44,59,30,45,48,27,50,41,50,47,52,66,43,55,58,65,61,55,29,61,72,52,66,59,51,29,35,73,55,66,59,52,24,33,38,43,39,17,32,65,54,53,48,44,38,44,64,20,45,48,33,47,38,53,44,50,65,32,53,59,63,64,54,27,61
067MSVIS,41,50,43,19,43,63,44,54,53,48,40,45,60,22,42,47,38,51,41,51,46,54,66,41,57,58,65,61,55,25,62,70,55,69,55,49,35,33,71,56,66,59,52,26,31,42,50,40,18,41,61,54,49,49,43,41,42,62,16,42,49,36,43,39,48,42,49,65,34,53,61,63,63,53,21,61
070MSVIS,40,47,47,20,37,65,56,53,58,48,43,41,67,27,48,49,37,51,43,50,49,52,68,47,55,56,67,67,57,29,62,73,58,68,58,49,30,38,74,61,70,60,47,26,32,38,49,41,18,38,66,58,54,51,50,42,47,67,28,44,50,35,47,41,53,46,51,69,42,56,60,67,64,59,26,69
071MSVIS,39,51,49,20,43,64,54,55,52,50,44,46,63,29,40,48,36,52,45,50,44,52,68,46,58,62,66,65,57,31,63,71,56,68,54,56,35,35,73,60,72,60,50,24,38,39,50,48,17,41,63,50,55,46,44,43,43,61,28,46,47,43,54,41,50,45,51,69,32,57,63,67,63,56,25,65
072MSVIS,37,50,45,19,52,65,56,55,58,47,46,46,63,27,41,50,38,49,46,52,50,52,69,40,54,59,67,62,58,29,64,72,52,67,60,52,32,33,70,59,69,62,52,25,37,39,48,46,16,43,64,49,53,52,53,40,51,58,31,45,48,38,53,41,53,42,53,66,35,58,62,64,64,59,21,67
073MSVIS,41,51,43,19,39,62,42,51,49,46,27,38,55,15,47,53,29,47,30,51,48,53,66,44,55,52,63,56,57,19,63,67,53,64,55,37,23,30,71,53,63,59,37,21,24,42,48,38,17,30,63,51,52,44,43,29,41,60,22,44,49,31,42,30,49,48,50,61,37,51,54,61,59,55,18,65
074MSVIS,37,46,43,18,45,65,56,53,54,50,38,45,66,25,47,52,36,50,39,51,49,53,68,42,53,58,65,65,55,31,64,69,60,68,57,47,32,37,68,63,68,59,49,24,31,39,50,51,18,42,67,56,53,51,50,40,50,66,30,45,54,43,50,43,53,46,53,68,40,57,62,68,68,55,26,67
075MSVIS,42,48,38,18,40,63,52,53,52,53,38,41,67,29,44,44,31,43,38,50,50,50,66,45,55,58,63,65,54,33,66,73,53,70,59,46,31,38,72,55,68,60,48,26,31,43,47,46,15,36,64,56,55,49,47,42,44,66,31,41,47,42,51,44,52,47,48,65,38,58,60,66,63,55,19,66
076MSVIS,43,49,48,19,46,62,46,54,54,54,43,48,61,25,47,51,37,52,39,56,49,55,68,47,57,60,63,64,56,32,63,70,61,69,58,50,34,39,72,55,70,63,53,27,30,37,50,50,18,41,67,56,56,53,49,44,52,65,27,46,52,38,50,39,53,46,54,69,41,55,63,68,66,53,20,65
077MSVIS,41,51,46,19,48,64,54,57,57,50,41,44,64,24,46,52,36,51,40,52,52,56,66,45,59,61,66,65,55,35,67,73,57,70,61,48,29,34,71,54,67,62,50,26,35,39,51,50,17,42,65,58,53,53,49,44,48,65,23,46,51,43,54,35,51,47,54,66,37,58,61,67,64,56,28,68
078MSVIS,42,50,40,20,47,65,54,52,50,50,43,38,64,29,43,50,40,47,44,51,49,50,65,44,54,61,66,67,60,25,63,73,55,67,59,46,25,33,71,60,68,53,48,27,34,33,49,45,12,40,61,56,56,48,46,43,36,64,29,43,48,42,52,41,42,42,48,68,32,57,60,64,64,47,23,67
079MSVIS,37,50,43,20,42,65,53,54,58,48,41,47,64,22,47,44,37,46,40,54,48,53,64,47,59,63,65,66,55,34,60,71,61,68,51,54,34,37,71,61,71,56,58,27,36,42,49,48,12,34,64,52,57,52,47,44,45,66,19,48,48,38,49,30,46,45,51,65,40,59,62,63,65,49,29,64
080MSVIS,28,44,26,11,28,56,30,29,41,41,32,43,43,14,38,40,29,40,19,45,34,45,65,33,52,52,57,49,43,13,25,66,51,60,47,36,23,28,63,52,60,49,37,20,26,37,40,37,5,26,48,36,31,32,44,29,28,47,20,31,30,27,36,19,43,37,49,54,25,55,56,60,44,39,9,31
082MSVIS,41,50,43,20,43,64,55,52,51,48,45,43,60,30,39,46,41,51,37,53,45,50,67,39,55,60,67,62,58,33,57,71,53,66,52,45,29,34,72,50,65,58,47,26,32,40,48,47,18,36,66,53,52,47,47,44,44,61,24,42,43,38,48,38,47,43,46,69,38,57,60,66,62,56,20,65
084MSVIS,41,47,41,18,44,64,55,55,55,53,42,43,63,30,48,48,35,51,37,52,51,52,68,43,58,61,66,63,55,29,65,71,55,67,60,53,35,36,72,55,68,59,58,26,36,41,46,41,17,41,64,53,55,47,48,41,45,66,31,49,49,43,51,35,52,47,48,69,36,59,62,64,65,54,20,67
086MSVIS,34,47,36,19,37,62,43,53,53,47,45,34,60,24,43,47,34,48,37,50,51,52,66,43,55,55,61,57,54,24,65,68,54,70,56,37,27,31,72,57,69,55,46,23,32,38,47,44,15,35,63,50,50,46,42,42,44,60,26,42,49,41,49,37,49,44,49,65,41,55,59,64,63,55,23,64
087MSVIS,40,52,37,12,42,59,52,48,52,43,33,40,61,21,46,49,29,49,26,46,46,52,63,40,56,60,56,61,55,33,66,66,54,66,58,40,20,24,67,54,69,58,48,23,27,42,51,44,12,35,54,51,48,48,46,29,36,61,22,43,52,33,46,27,56,44,51,64,38,57,63,64,64,51,25,66
088MSVIS,43,51,46,20,48,65,48,58,53,53,42,40,63,26,45,51,39,52,41,54,47,53,68,45,59,63,67,67,56,31,65,71,59,68,56,49,33,35,73,62,67,59,53,26,34,38,48,48,18,39,66,52,55,53,51,41,44,63,25,49,51,40,48,42,52,45,51,69,35,59,62,65,65,56,31,65
089MSVIS,34,48,49,20,44,60,39,50,56,51,44,45,49,19,37,44,25,38,41,54,41,55,61,46,52,57,63,48,53,26,53,66,60,62,59,45,33,37,64,43,68,55,51,20,19,35,49,20,15,31,54,46,50,29,35,24,25,59,23,34,42,26,41,17,41,44,53,60,30,36,55,57,59,50,19,59
090MSVIS,39,43,33,20,41,63,49,50,49,45,38,45,56,21,40,45,35,42,34,50,47,53,63,41,47,52,65,56,51,23,61,71,52,66,61,25,29,35,71,53,66,55,44,25,30,43,44,34,10,28,57,47,53,40,45,35,44,55,16,39,46,34,46,29,42,42,50,67,41,52,58,60,57,44,16,62
091MSVIS,41,51,39,18,39,63,53,52,48,45,31,39,62,24,48,51,34,52,30,50,50,54,67,41,56,58,65,62,56,36,67,67,55,64,56,46,33,24,68,48,64,55,56,25,21,42,47,43,18,31,65,49,56,48,44,32,40,60,23,47,54,39,49,31,52,47,52,68,36,56,59,67,65,53,31,66
094MSVIS,41,49,42,20,48,62,51,56,55,50,43,42,64,28,46,50,34,53,38,50,49,55,66,40,56,60,63,61,53,29,65,73,61,66,58,46,30,26,73,59,70,59,52,26,26,42,50,43,18,39,63,55,57,50,47,42,49,64,24,47,48,36,45,41,49,46,48,68,35,55,60,66,67,58,29,69
095MSVIS,43,49,35,19,44,62,53,53,51,51,41,41,62,20,45,46,41,47,35,49,47,50,64,44,54,56,64,60,54,26,60,73,57,66,56,43,27,27,71,59,64,57,40,27,28,38,49,46,17,36,63,53,52,51,48,41,41,60,31,46,44,38,43,40,51,42,46,66,41,52,59,65,61,53,21,61
096MSVIS,40,50,47,20,46,64,47,55,54,50,45,43,58,28,48,50,33,51,41,54,47,54,68,45,56,59,66,61,58,24,66,72,57,68,56,49,33,33,73,61,69,59,48,27,33,42,45,48,18,39,65,55,56,49,48,45,39,65,29,45,45,39,52,41,51,46,48,67,39,55,62,65,65,59,26,68
097MSVIS,37,47,37,17,42,63,50,50,47,45,32,34,56,27,47,39,30,42,31,51,43,53,65,35,52,56,61,56,54,25,62,67,46,66,55,52,34,28,68,53,62,51,51,25,34,28,50,48,16,36,60,49,49,49,45,37,48,56,31,43,47,31,42,33,53,42,52,65,36,53,59,64,51,51,11,57
099MSVIS,40,49,49,20,49,65,51,56,52,50,44,46,60,21,49,45,35,49,43,51,50,53,66,41,57,61,65,62,58,30,57,71,56,66,58,51,32,38,69,61,69,58,42,26,35,36,47,46,17,39,63,51,52,47,48,38,46,63,27,44,46,35,48,38,52,43,49,67,34,56,60,64,63,57,24,62
100MSVIS,40,51,49,20,44,62,49,56,53,52,45,49,61,29,43,53,41,52,45,56,46,57,67,48,59,61,67,63,61,33,64,71,61,69,60,53,33,37,73,59,70,58,55,27,36,42,49,51,17,42,60,55,55,50,52,44,45,66,25,46,52,39,54,41,46,41,52,69,32,57,64,66,67,53,32,70
103MSVIS,39,52,37,20,44,64,59,51,59,51,39,45,64,17,43,54,37,51,37,53,48,54,64,45,56,57,65,63,56,22,61,70,58,66,56,40,29,40,70,60,64,58,44,24,33,41,52,38,17,33,65,53,48,51,48,44,43,66,20,45,52,37,50,35,52,47,54,67,43,56,64,66,64,55,25,64
104MSVIS,36,41,39,19,25,54,41,49,48,49,43,41,58,20,33,49,31,45,43,44,40,46,62,43,48,47,56,57,44,28,66,71,53,69,58,43,28,32,71,52,70,53,46,26,25,35,38,41,13,35,48,47,50,41,48,37,44,57,27,36,38,38,39,38,47,38,49,63,41,47,50,61,59,49,19,69
105MSVIS,42,49,43,20,41,63,53,50,55,43,40,39,64,25,46,49,36,48,35,52,50,51,67,43,54,56,66,62,56,27,64,70,55,65,60,43,30,35,71,53,67,63,44,24,27,44,50,43,18,30,66,51,53,48,44,35,39,62,28,43,49,35,46,32,49,46,51,66,41,55,56,65,63,56,24,66
107MSVIS,39,48,47,18,46,63,56,54,53,45,40,50,66,25,45,54,31,54,39,51,49,53,66,41,57,61,61,64,61,29,64,70,59,63,57,51,28,33,71,57,63,60,50,24,29,39,50,44,18,37,65,57,52,48,43,37,49,68,28,47,50,37,44,40,53,48,55,67,42,53,62,65,67,61,27,68
108MSVIS,38,51,45,14,48,61,50,57,56,47,41,45,56,27,43,53,34,51,35,51,50,52,65,41,56,57,64,55,52,26,65,69,54,67,59,45,31,24,71,59,69,58,42,24,20,40,50,45,16,40,66,55,55,47,47,40,45,66,28,43,51,39,43,34,51,46,52,66,37,53,60,66,66,59,24,66
109MSVIS,38,47,42,19,44,65,55,54,50,54,44,50,63,25,43,47,33,50,41,51,45,54,69,44,58,60,68,64,58,28,53,72,59,70,60,52,31,35,73,59,71,61,56,25,39,39,49,47,18,46,66,53,52,52,51,43,42,64,27,45,51,38,53,42,49,44,48,70,35,58,62,68,65,57,19,64
110MSVIS,39,50,44,19,37,64,51,52,53,51,43,48,64,17,39,51,30,49,42,53,50,53,66,45,59,55,65,64,56,27,61,70,57,69,59,51,32,35,67,57,71,60,52,26,33,39,49,50,17,31,65,47,53,49,48,42,49,64,24,41,53,33,48,35,51,47,52,68,40,57,59,62,67,57,23,68
111MSVIS,42,47,44,17,41,63,48,52,51,49,41,46,58,26,42,51,40,51,37,50,48,47,66,44,57,60,62,61,56,27,65,73,55,68,59,36,26,35,69,50,64,56,46,22,28,39,48,45,16,30,66,47,52,48,46,39,42,60,25,46,48,38,51,38,48,45,47,66,37,59,61,65,60,54,23,61
112MSVIS,41,47,45,20,47,64,52,53,54,55,45,48,64,24,44,52,42,52,41,50,49,52,69,49,57,60,68,66,57,28,64,73,61,69,55,54,35,40,73,64,72,63,54,26,32,40,47,49,17,38,65,50,55,48,48,43,46,65,30,41,52,39,54,42,47,43,49,69,37,58,60,65,68,56,28,69
113MSVIS,38,47,47,17,45,62,56,48,57,53,41,47,62,27,51,42,38,51,41,55,51,56,68,44,53,62,67,64,55,26,60,39,57,38,27,55,34,31,42,58,39,12,58,24,28,39,50,43,16,41,61,54,52,47,51,39,47,60,26,48,53,37,52,39,52,44,55,65,32,57,64,64,62,56,26,67
119MSVIS,38,46,40,18,39,61,47,40,51,44,39,43,55,17,45,49,36,47,32,53,41,54,62,45,58,61,62,54,51,24,61,72,57,63,55,40,26,28,73,58,65,55,48,25,28,39,46,41,9,31,57,41,45,33,41,33,41,55,17,43,48,42,54,30,46,45,50,65,29,57,60,64,60,49,20,61
120MSVIS,38,51,47,19,50,64,54,50,55,47,44,44,60,26,37,49,37,50,43,53,46,53,68,45,58,62,66,60,57,27,61,73,60,70,56,51,33,37,71,57,72,61,53,25,35,38,47,47,17,44,67,54,49,47,47,42,42,67,29,44,45,41,50,39,46,44,45,66,34,59,63,64,68,55,28,63
121MSVIS,40,49,50,19,45,63,52,54,57,55,44,48,63,23,40,49,40,55,45,52,47,55,68,40,59,61,67,61,59,31,63,71,60,69,58,46,33,31,73,59,71,55,55,25,33,38,54,50,18,36,66,51,54,52,51,43,48,62,27,46,54,38,51,40,55,47,50,68,40,58,62,67,65,60,22,70
122MSVIS,42,51,46,18,47,65,57,55,56,53,44,47,68,23,45,54,37,53,43,54,52,56,68,47,59,62,67,66,56,35,67,72,59,71,62,52,36,38,72,62,72,64,51,26,34,42,50,46,18,42,66,57,53,50,50,41,51,68,31,49,52,41,52,40,54,49,52,66,41,57,63,66,68,54,26,71
123MSVIS,41,49,37,18,50,62,59,56,51,47,44,45,64,21,44,44,43,50,44,53,45,48,69,37,54,60,66,64,57,26,62,70,58,68,57,51,31,36,71,59,71,59,54,23,29,37,50,42,12,44,58,55,55,49,47,42,42,68,26,48,46,42,51,38,48,40,50,68,31,54,61,62,65,53,22,71
126MSVIS,39,50,40,19,42,63,58,53,48,51,44,42,61,24,44,48,36,52,40,52,47,50,66,38,59,60,65,59,53,30,57,68,55,60,50,51,28,32,71,51,68,58,48,22,32,41,48,42,16,32,63,53,49,46,45,39,39,65,22,45,49,33,46,37,51,46,50,64,34,53,60,67,65,56,23,63
FIS_028,40,47,37,18,34,56,38,56,41,42,39,38,44,27,43,45,35,44,35,42,47,48,64,41,51,53,57,48,49,30,59,66,54,64,52,48,31,34,67,47,64,59,50,23,25,42,47,40,13,35,61,38,53,36,43,35,37,45,26,40,42,32,43,29,49,45,49,63,41,49,54,60,46,47,20,60
FIS_029,43,44,30,18,42,49,47,54,40,44,38,39,54,28,42,45,29,43,35,41,47,51,60,41,47,54,55,55,39,24,62,71,57,67,55,48,33,34,66,55,66,60,50,25,28,39,40,41,16,41,54,49,54,41,48,39,34,54,27,40,41,36,42,33,40,44,47,64,34,47,55,58,59,46,16,64
FIS_041,39,41,28,11,34,48,31,50,35,40,30,28,40,21,39,43,28,42,26,42,44,49,57,36,47,48,52,48,38,18,60,59,49,61,50,37,23,19,64,46,60,52,35,19,11,38,38,29,12,25,56,29,52,34,39,28,33,39,23,37,38,26,40,26,45,44,43,58,35,42,45,59,43,47,13,54
FIS_047,38,43,31,17,28,48,35,52,36,41,30,31,42,18,38,39,28,42,31,37,45,41,61,34,46,51,56,48,42,26,59,63,53,63,56,39,30,36,65,52,63,54,38,23,30,38,44,29,18,21,59,37,48,39,42,34,47,48,24,37,40,30,40,31,39,45,44,65,38,43,50,58,54,47,22,58
FIS_048,37,44,31,18,42,54,42,49,44,44,35,32,47,30,38,40,33,39,29,47,41,50,60,38,49,53,60,52,44,25,59,70,53,60,53,50,30,29,72,55,65,55,48,23,25,34,46,32,16,29,63,41,51,39,40,31,34,53,28,48,38,27,37,30,50,45,49,65,39,45,54,63,49,47,24,59
FIS_049,40,44,35,20,36,56,37,54,42,48,35,43,47,26,43,40,40,40,31,46,45,49,64,38,50,57,61,50,44,29,61,68,59,62,50,49,30,33,71,58,62,55,55,22,31,40,48,37,17,32,61,37,47,43,47,38,49,42,28,42,46,31,43,33,47,36,52,62,41,47,58,61,52,54,20,61
FIS_056,38,45,33,20,43,55,40,47,44,44,41,32,47,23,45,43,34,45,33,47,47,50,63,41,53,53,60,53,50,25,60,65,56,66,58,43,28,33,69,53,63,54,53,24,25,41,40,38,17,35,62,42,49,38,49,32,38,50,29,42,42,32,43,28,46,46,44,64,41,47,53,61,51,50,21,61
FIS_057,42,42,30,19,26,47,35,52,41,43,32,34,42,20,42,44,31,42,31,38,47,45,61,32,48,53,54,46,32,17,59,63,53,61,53,36,27,27,66,53,62,53,43,23,27,42,42,27,14,29,55,37,43,36,42,30,46,43,24,39,42,24,41,26,47,40,49,59,39,45,56,59,49,43,15,55
FIS_059,35,45,35,19,31,55,40,51,40,49,36,38,46,29,43,44,32,47,35,46,44,45,62,38,51,52,59,56,49,28,61,72,58,65,55,50,30,28,74,53,67,60,52,26,26,38,41,35,18,26,62,41,50,39,47,36,44,46,28,44,42,36,42,33,49,43,47,63,38,48,52,63,60,51,19,58
FIS_063,43,41,31,17,31,57,39,54,46,38,38,39,50,23,45,44,28,47,28,40,47,46,62,41,50,58,57,53,45,18,57,69,56,60,52,45,34,27,68,53,64,57,50,23,23,42,42,33,11,28,53,40,49,37,41,34,39,54,22,44,42,34,43,26,41,46,49,58,40,48,59,57,59,40,23,60
FIS_065,36,43,34,16,41,60,45,41,50,44,36,35,55,27,42,43,34,41,31,45,35,48,61,41,47,55,60,58,47,21,58,72,59,66,59,49,30,33,71,55,65,58,51,26,32,33,49,41,18,32,61,41,52,45,45,38,46,47,26,35,42,30,39,35,49,37,47,62,42,44,56,62,53,53,22,60
FIS_067,44,41,35,18,35,57,44,52,41,47,35,44,49,26,43,46,34,41,32,42,46,49,63,39,45,54,58,51,43,25,59,69,54,62,54,39,25,37,67,53,62,58,45,25,26,41,43,37,18,35,43,40,57,41,48,40,45,51,28,42,43,36,44,31,42,45,47,63,36,47,57,56,57,48,22,61
FIS_068,38,44,39,19,36,56,35,49,47,49,33,44,50,19,42,38,26,40,34,47,39,48,63,43,49,53,61,56,47,23,54,70,48,62,57,48,30,29,71,50,58,56,52,24,33,35,43,34,16,30,60,42,47,36,46,36,36,51,29,45,40,34,41,30,44,40,47,61,36,46,54,61,58,49,17,59
FIS_069,33,36,27,15,26,44,30,42,32,42,37,32,45,20,30,40,24,40,38,32,40,40,56,37,42,43,46,49,37,20,61,67,49,63,47,39,27,27,68,50,59,52,41,20,24,36,35,33,13,28,49,28,45,28,42,36,31,47,26,33,38,30,37,27,45,37,42,59,41,41,47,57,47,40,15,56
FIS_070,39,43,33,19,26,59,35,52,42,42,26,28,52,19,38,45,31,46,30,44,45,43,63,38,49,53,57,54,49,26,62,70,52,65,59,44,33,26,68,57,67,62,41,25,20,38,45,38,17,26,59,41,50,42,43,30,35,48,26,40,44,31,39,31,48,44,48,67,40,44,55,61,55,52,20,66
FIS_071,35,36,36,18,37,57,36,50,38,39,32,32,42,27,42,41,27,45,31,42,43,49,61,42,45,54,58,48,45,20,63,64,51,64,55,39,29,29,68,52,62,56,45,22,20,37,40,32,15,28,56,33,51,37,37,29,32,43,27,38,40,27,39,28,46,40,45,57,36,44,51,55,49,47,20,62
FIS_072,33,36,24,14,19,40,22,31,26,32,22,28,30,13,33,37,28,39,16,25,40,36,55,32,40,43,39,41,24,14,57,62,47,60,51,24,21,21,64,43,60,56,29,17,16,36,40,27,11,18,38,24,38,27,30,20,30,29,21,31,30,23,36,21,32,29,39,50,31,34,46,44,38,36,14,49
FIS_073,40,42,41,19,39,52,44,54,41,45,38,36,49,26,43,44,34,45,33,40,46,47,63,39,52,58,56,55,43,25,62,71,53,65,56,43,32,26,71,53,66,53,46,26,28,39,45,44,18,38,62,44,51,43,48,38,37,48,29,42,43,37,44,35,49,44,48,64,40,52,57,62,57,51,20,61
FIS_074,32,42,28,17,29,45,35,49,36,43,34,35,40,17,37,37,26,42,32,43,43,47,63,36,49,52,57,49,44,28,54,60,46,57,48,36,20,29,61,50,64,51,42,19,23,42,41,29,17,30,51,29,44,27,39,23,38,45,30,41,40,28,36,22,44,39,46,57,36,43,51,56,48,47,15,59
FIS_075,31,45,43,19,37,56,46,55,48,44,38,41,51,27,41,44,28,44,35,46,43,46,63,40,52,52,61,50,47,25,58,70,54,59,55,50,26,37,71,52,65,56,49,23,33,29,44,38,18,43,61,47,46,43,46,42,45,50,32,40,40,34,43,36,49,36,49,64,36,47,58,66,49,52,15,60
FIS_076,38,44,31,18,32,56,40,55,36,48,32,34,48,29,41,41,30,43,30,47,51,46,62,43,49,54,58,52,36,26,60,70,57,64,55,45,31,28,64,53,64,54,47,21,28,40,47,33,17,32,51,40,50,36,48,32,45,45,24,41,42,36,43,30,41,48,47,62,41,46,58,60,50,45,19,60
FIS_078,38,43,38,16,28,44,31,58,42,47,34,35,38,26,37,42,25,44,31,44,40,48,62,37,45,55,53,43,43,25,61,67,53,64,54,45,29,35,69,56,66,59,46,23,24,40,45,42,13,29,41,37,48,31,43,34,44,45,27,33,42,27,39,24,42,40,47,60,35,45,54,56,54,40,17,55
FIS_079,37,43,31,17,39,57,37,56,43,42,38,35,49,25,40,44,28,44,31,45,43,45,63,37,51,51,62,55,43,22,58,71,55,59,56,53,30,30,70,58,62,54,47,22,29,41,43,37,18,33,61,48,49,42,44,38,39,47,28,42,37,33,44,32,49,39,51,64,32,47,57,63,48,45,21,53
FIS_080,30,27,26,8,21,48,22,38,30,28,24,20,37,21,34,37,21,37,21,33,41,37,50,36,42,41,41,41,31,17,52,60,47,57,46,34,19,16,61,41,55,42,32,17,14,30,32,25,11,17,41,21,39,28,24,29,20,28,17,29,36,20,32,18,34,35,40,55,27,38,41,50,30,33,12,45
FIS_082,40,43,35,17,47,55,51,52,45,47,37,35,59,28,41,47,30,45,38,43,49,47,63,39,49,55,61,59,50,28,62,69,59,65,60,48,29,32,73,58,68,63,49,25,26,40,48,39,17,40,64,51,48,45,45,39,45,60,26,38,44,34,44,35,46,47,51,64,41,48,56,61,55,58,26,64
FIS_083,38,40,34,15,30,56,33,49,39,36,34,28,41,22,40,41,31,43,31,44,44,46,62,33,46,52,56,49,40,20,57,67,54,63,52,44,28,29,70,53,62,57,44,25,24,37,41,29,17,29,51,39,48,37,36,32,35,42,28,40,40,21,42,28,43,41,46,59,30,48,56,58,50,41,26,60
FIS_084,36,44,41,20,41,60,47,51,43,50,39,43,58,31,46,43,31,47,37,49,45,50,62,39,49,54,63,58,51,28,61,72,59,65,61,52,31,38,72,58,67,61,55,25,37,39,46,37,18,36,61,45,56,46,46,38,47,55,23,43,44,30,45,36,51,45,50,63,40,48,57,62,58,53,21,61
FIS_085,38,42,35,19,42,59,40,54,46,44,40,40,47,29,41,45,33,44,36,44,45,48,66,37,47,52,61,54,51,28,62,72,55,67,55,48,32,36,74,55,67,58,46,26,33,39,43,39,18,33,54,48,52,40,44,35,36,50,30,42,46,34,45,35,48,40,49,66,35,46,53,64,55,43,20,65
FIS_086,35,42,32,19,37,54,39,57,37,46,35,35,58,21,41,41,28,45,32,40,43,43,61,39,51,55,59,59,42,24,60,66,52,66,59,40,30,26,67,53,66,56,50,22,28,37,42,32,13,36,56,46,52,34,47,37,35,53,29,43,41,33,41,26,47,46,47,58,37,50,54,59,57,48,29,60
FIS_088,37,41,33,19,35,56,32,48,33,43,31,32,43,19,42,43,30,40,29,44,47,46,64,37,45,50,62,47,39,19,56,68,53,61,57,41,27,29,68,50,60,60,44,22,26,39,43,34,18,27,57,30,45,40,40,31,40,41,26,43,41,28,37,31,49,47,50,59,35,45,53,59,48,47,19,58
FIS_089,38,47,39,19,39,58,38,54,37,43,36,32,41,18,43,45,26,43,38,47,40,48,63,39,52,51,58,42,44,24,60,65,56,62,55,41,33,33,69,55,65,60,38,26,31,41,42,33,17,27,60,39,46,37,42,31,37,46,25,41,43,28,40,29,42,41,47,65,41,47,52,59,46,52,24,59
FIS_090,41,45,24,14,35,51,35,49,36,38,28,27,38,23,39,39,31,44,23,43,49,50,59,37,45,50,53,51,44,20,60,62,48,60,54,32,29,20,66,52,64,59,39,21,20,39,40,32,14,34,60,38,47,35,43,31,29,49,27,39,39,28,43,31,44,41,46,59,37,46,52,56,50,50,16,60
FIS_091,36,43,43,20,35,47,34,54,41,48,36,38,47,27,40,44,27,46,39,45,45,48,63,37,51,57,58,52,50,21,59,70,57,65,55,47,32,38,71,54,65,62,48,26,30,40,43,37,18,22,58,43,50,37,44,37,47,45,27,42,41,31,41,35,47,44,44,64,35,45,55,62,60,51,20,62
FIS_092,36,42,36,14,32,50,35,52,35,38,30,31,46,26,42,41,25,43,31,41,44,47,63,39,47,49,58,52,42,28,57,64,53,64,59,47,27,30,68,57,66,59,44,23,33,41,40,29,14,30,54,44,53,35,42,34,41,47,28,41,41,32,41,26,44,43,46,60,33,45,49,58,56,43,21,61
FIS_093,32,41,32,20,27,51,33,53,41,41,29,38,36,20,45,43,22,39,31,45,40,51,59,38,48,55,58,43,37,24,51,63,49,62,54,37,34,30,64,53,62,54,46,26,29,36,37,29,17,20,45,36,47,35,37,30,35,39,24,42,39,25,36,26,44,43,44,61,30,47,52,55,49,42,25,55
FIS_094,38,46,37,20,43,59,36,50,43,51,40,43,50,29,44,44,29,43,37,47,42,48,62,46,49,57,62,54,48,24,58,70,58,67,58,50,33,36,72,56,66,64,49,25,30,42,41,32,17,35,58,45,54,34,48,40,43,52,29,43,42,33,42,34,46,44,49,65,42,48,53,62,56,49,18,65
FIS_095,40,48,36,18,41,55,37,55,45,44,34,43,46,24,43,45,32,45,33,46,49,52,62,38,54,57,58,53,46,29,61,67,54,59,54,48,27,25,70,52,65,58,50,25,27,41,42,38,17,37,59,41,54,40,42,36,38,54,23,45,43,34,46,32,49,46,49,63,34,50,56,62,60,52,23,64
FIS_097,38,44,37,18,44,54,43,51,41,45,38,35,47,28,42,42,33,44,28,46,50,46,58,37,50,51,61,50,44,22,63,67,53,64,58,37,28,29,67,54,64,59,47,20,22,42,40,35,15,36,58,38,52,35,41,40,30,44,28,37,39,35,45,31,46,44,46,60,33,46,53,56,51,46,18,59
FIS_098,39,44,38,19,46,58,45,54,49,51,36,38,52,29,41,45,32,46,34,42,47,47,63,36,51,55,60,53,48,28,63,66,58,63,58,47,24,34,72,59,68,57,48,23,30,42,46,32,18,32,64,47,50,42,44,37,43,47,30,39,43,34,42,31,50,41,46,60,40,47,56,60,62,53,22,64
FIS_099,38,44,38,18,39,55,37,54,44,42,39,38,47,27,44,44,27,43,33,42,48,46,61,44,50,57,57,53,47,24,63,67,56,67,58,38,28,28,73,57,71,61,50,24,35,40,46,31,17,37,59,38,51,35,49,40,42,49,29,40,41,37,42,30,46,41,44,60,40,46,55,60,53,51,19,62
FIS_100,34,44,37,20,42,55,37,53,46,42,37,34,44,29,46,47,28,43,34,44,46,47,62,39,49,53,60,51,48,31,61,71,55,62,58,44,28,28,71,56,65,53,46,23,29,40,45,39,18,37,58,43,50,41,45,36,45,44,27,43,40,36,44,32,50,44,49,60,41,46,54,59,54,49,29,62
FIS_102,37,42,36,20,30,52,35,54,37,45,35,36,37,26,43,37,28,43,32,44,46,47,62,39,45,52,58,47,45,20,58,73,56,64,57,50,33,31,68,58,63,54,45,26,32,42,45,35,18,33,54,42,47,37,47,33,40,42,24,37,41,34,43,34,45,44,46,60,35,46,56,58,49,46,24,59
FIS_103,38,36,29,18,25,48,36,54,34,44,37,32,45,26,42,41,35,42,27,41,46,46,60,43,45,52,45,55,48,26,60,67,52,63,55,38,27,27,67,52,63,56,39,24,24,41,41,30,17,23,54,36,51,28,48,34,41,45,27,40,42,32,40,25,44,44,43,63,42,46,54,56,55,48,20,58
FIS_104,39,46,35,19,34,57,37,54,41,47,25,31,48,19,38,48,28,45,24,47,47,48,61,37,48,55,59,47,46,22,61,65,53,64,55,32,26,25,66,51,63,57,37,24,25,39,44,34,17,24,55,40,49,31,43,38,35,54,22,36,40,35,42,29,43,42,44,60,36,47,57,55,56,47,24,64
FIS_105,35,49,41,20,45,61,39,56,49,45,42,45,53,27,44,46,31,47,39,49,46,51,63,47,53,55,62,58,55,30,60,72,56,66,56,51,32,39,70,56,65,62,54,25,29,39,44,39,15,39,58,46,48,39,44,43,31,56,32,42,38,40,45,33,49,43,46,59,37,51,57,61,65,54,27,60
FIS_106,38,44,33,18,34,58,40,50,40,41,39,37,48,27,42,39,33,44,29,42,45,48,60,41,49,56,58,51,47,28,59,67,57,64,57,40,28,30,68,54,63,60,47,24,28,41,44,36,18,34,60,39,51,39,42,36,40,47,28,43,40,32,46,30,47,41,48,60,34,47,58,57,51,47,24,63
FIS_107,40,49,32,20,45,56,52,50,42,47,38,36,62,29,44,43,33,45,31,45,47,45,65,41,54,59,61,62,48,29,62,73,60,66,58,49,30,35,72,62,70,62,49,26,33,39,47,39,18,43,56,51,56,48,50,38,38,58,31,46,43,41,43,35,50,45,48,66,29,51,59,59,63,50,29,66
FIS_112,36,42,34,13,30,49,41,51,49,37,34,36,53,23,40,42,27,41,29,42,38,47,58,41,45,44,54,53,44,28,62,65,55,63,58,36,27,22,64,55,67,61,37,26,14,42,40,30,14,28,55,43,50,37,39,33,34,50,26,38,38,31,40,30,39,42,45,58,38,46,49,57,52,44,26,63
FIS_113,39,45,37,17,47,55,41,54,44,43,42,35,47,30,41,43,35,45,34,41,46,47,62,41,47,53,59,49,45,26,62,69,55,63,59,48,26,25,71,55,65,58,44,26,30,37,48,34,16,37,50,44,52,43,44,40,45,45,31,45,44,32,42,34,49,46,47,63,41,44,55,60,55,48,21,58
FIS_115,39,40,15,14,21,41,29,42,33,31,22,31,36,18,37,37,24,35,15,37,40,43,54,30,44,51,39,36,38,19,55,59,51,56,50,32,20,18,64,43,55,50,36,18,17,37,37,24,9,17,52,18,46,26,35,20,35,24,17,35,34,26,32,15,35,35,43,56,36,38,48,50,29,32,13,49
FIS_116,36,43,35,20,40,55,41,56,42,50,35,34,54,27,44,45,32,43,33,48,42,51,63,43,52,54,60,52,49,22,59,73,55,67,57,49,32,34,73,60,67,62,54,26,32,39,38,36,17,38,52,44,52,39,42,41,34,55,30,44,39,37,47,34,48,42,46,63,41,47,57,58,58,47,23,63
FIS_117,38,41,34,18,26,50,30,49,25,41,27,37,42,17,43,42,25,45,17,40,46,45,60,39,50,50,61,47,44,21,60,65,52,59,50,41,31,31,66,50,62,55,47,25,26,41,36,33,17,23,51,38,46,30,31,24,34,47,20,42,42,28,40,23,44,46,43,59,41,42,50,58,48,47,20,58
FIS_118,37,43,30,15,29,54,40,52,43,40,31,37,48,26,44,42,28,44,30,39,39,48,57,40,51,51,57,53,45,24,60,68,54,62,57,46,30,29,71,53,64,61,53,24,32,36,41,41,18,23,60,33,49,38,39,37,40,45,22,38,35,31,40,31,45,43,45,62,41,46,52,59,54,51,23,51
FIS_119,37,47,39,16,45,55,45,55,48,47,39,44,47,28,46,43,32,44,35,50,46,53,62,41,52,58,61,57,52,35,58,69,59,60,53,50,31,37,72,57,67,51,54,23,39,34,43,44,17,34,60,51,51,47,45,40,49,59,20,41,46,35,44,35,49,35,47,64,37,50,57,61,62,44,32,58
FIS_121,36,41,36,18,40,53,39,51,49,47,37,42,53,20,40,43,29,43,34,43,47,49,63,41,50,53,59,51,44,28,58,69,55,63,56,50,33,30,72,54,66,58,50,26,26,38,45,41,17,35,53,41,53,44,45,35,42,52,31,37,42,29,41,32,45,43,48,59,37,47,54,58,58,49,25,61
FIS_122,39,46,32,19,40,57,35,57,41,50,34,47,45,26,44,48,31,45,33,48,46,51,67,40,50,53,62,51,50,28,57,70,55,62,55,52,34,35,71,61,66,60,53,25,34,42,41,37,17,34,59,36,53,41,49,34,45,43,30,40,43,35,42,32,50,47,51,63,39,48,55,65,51,51,25,59
FIS_123,43,42,31,20,28,57,40,49,39,50,31,36,51,18,43,41,32,43,35,46,47,47,65,36,48,51,58,52,44,22,61,68,53,63,58,37,30,32,70,55,62,58,40,26,24,40,40,33,18,28,57,43,49,40,46,27,38,52,20,42,43,33,41,29,48,47,48,63,34,45,53,60,54,48,28,57
FIS_124,38,42,35,19,27,49,37,51,36,45,33,37,43,27,42,42,32,45,29,39,46,46,60,37,52,54,55,53,42,28,59,68,56,59,51,46,29,32,70,48,64,59,53,24,32,42,42,34,18,24,60,37,54,34,42,38,47,53,27,39,42,31,36,33,46,45,42,66,39,44,53,62,55,48,20,60
FIS_125,33,42,39,19,39,57,40,51,39,30,38,22,46,26,39,36,12,35,37,45,45,48,57,38,48,49,59,48,49,25,60,59,51,60,36,45,28,26,66,50,62,54,45,24,21,31,41,34,18,35,51,42,51,34,38,39,29,48,30,38,40,19,38,34,44,41,45,61,31,42,52,55,55,50,22,58
FIS_126,37,43,28,12,24,51,32,53,37,40,28,33,38,16,38,39,24,41,28,38,44,45,61,31,44,49,46,40,38,21,55,63,47,58,51,41,28,26,64,49,58,56,40,23,21,39,44,35,18,23,48,35,39,33,42,30,36,37,24,37,43,26,39,27,35,41,45,60,32,44,54,52,41,39,18,53
FIS_127,33,42,36,19,33,52,34,52,37,45,37,44,42,28,45,40,24,41,35,42,42,48,63,44,42,51,59,48,45,24,60,62,51,61,45,47,28,35,71,50,59,52,47,20,19,39,43,32,16,29,52,36,48,32,41,33,30,41,24,41,42,29,42,30,44,41,46,62,32,45,51,56,50,46,17,56
FIS_128,35,43,27,19,34,59,34,46,41,45,34,40,46,25,41,37,27,43,29,41,46,46,62,44,46,53,61,53,41,14,54,63,53,56,49,44,28,33,68,53,61,58,45,23,28,33,42,30,13,21,55,35,46,34,46,36,34,41,26,38,34,32,43,26,45,40,47,57,38,45,53,61,48,43,17,49
FIS_129,39,43,32,15,33,54,31,51,37,40,29,22,36,24,44,42,31,43,28,47,43,47,62,33,47,52,55,41,40,15,61,63,47,61,54,38,31,11,62,47,60,49,35,24,16,41,39,31,14,27,57,28,45,32,35,30,30,34,25,37,42,21,36,29,45,41,46,62,38,36,51,61,49,43,13,59
c001MSVIS,40,48,48,20,46,65,58,55,54,51,45,46,65,24,45,49,38,54,46,52,49,52,70,42,58,63,68,66,57,28,65,73,62,71,59,54,36,42,73,65,72,65,59,26,38,43,44,43,17,43,66,55,53,48,51,44,44,67,30,45,45,40,52,41,50,48,50,69,40,59,63,68,68,58,28,66
c027MSVIS,38,47,42,19,46,64,57,55,52,50,45,46,61,26,48,47,34,48,42,51,47,49,69,41,55,60,64,60,58,25,53,70,47,65,54,50,34,35,71,59,66,56,52,26,34,31,48,46,17,34,62,52,46,49,43,41,40,61,26,39,43,37,48,42,46,38,49,67,33,55,62,64,62,55,22,52
c029MSVIS,42,49,45,20,49,64,57,53,54,53,45,48,64,29,46,51,44,52,41,53,50,53,70,44,59,61,67,65,55,26,59,72,58,69,60,55,36,41,72,64,71,62,54,26,37,43,48,47,17,38,63,54,55,52,51,43,51,63,30,48,49,41,50,40,53,46,50,69,39,58,63,67,67,54,21,67
c030MSVIS,42,52,48,19,51,64,55,56,54,52,42,48,62,22,43,50,41,48,44,54,51,56,67,49,54,61,65,65,59,35,63,72,54,69,58,53,34,38,72,61,72,56,58,25,36,34,52,51,14,38,61,54,55,53,47,43,48,60,20,48,52,43,46,40,51,46,53,68,37,58,61,65,67,54,33,66
c031MSVIS,39,46,44,20,47,61,60,55,54,44,45,46,66,30,47,48,35,53,43,56,49,55,67,47,56,62,66,66,58,30,64,74,55,70,58,56,32,42,74,62,70,60,55,25,37,37,46,51,18,42,63,55,54,48,45,43,50,59,31,47,49,39,52,42,55,45,50,66,42,57,61,67,68,55,27,67
c032MSVIS,41,43,48,19,43,64,57,57,58,50,46,46,65,27,45,48,35,52,43,52,49,54,69,45,57,58,64,66,58,25,66,72,60,68,58,57,35,40,71,65,71,62,58,26,37,36,47,45,17,38,67,51,55,51,48,43,50,61,25,45,50,38,49,41,54,46,53,70,38,56,61,64,66,59,32,68
c033MSVIS,37,50,41,20,47,63,58,52,56,48,42,42,64,30,42,50,38,48,40,50,45,53,67,41,56,60,64,66,54,23,60,69,55,66,57,55,31,40,72,60,66,61,59,26,35,37,48,51,18,40,65,53,54,53,46,44,47,63,33,44,49,41,50,41,49,43,51,67,36,59,63,66,64,57,20,59
c034MSVIS,38,52,47,20,44,64,60,58,52,53,42,44,67,28,49,51,32,48,40,54,49,55,68,43,55,61,65,66,59,28,64,74,57,68,57,55,37,40,72,63,70,58,55,27,38,41,48,48,16,38,64,58,58,47,49,44,49,66,30,47,50,42,44,43,53,46,51,68,42,58,64,69,67,60,30,65
c035MSVIS,39,49,49,19,47,64,49,55,49,51,44,46,58,30,44,52,33,51,42,55,46,53,66,46,56,59,66,66,56,25,66,73,59,69,58,46,34,34,73,59,68,59,54,27,36,37,51,49,15,45,63,55,56,53,48,44,48,66,29,44,48,38,53,42,53,42,53,68,42,57,61,66,66,50,32,62
c036MSVIS,41,48,42,20,47,65,53,58,56,56,45,45,65,28,47,50,42,54,45,52,48,52,68,45,54,58,66,67,55,24,67,72,57,69,57,52,35,39,73,63,72,61,57,27,38,40,50,49,18,35,67,50,55,51,51,43,53,63,29,45,52,35,51,43,53,44,52,68,44,59,60,68,66,59,25,69
sFIS_01,38,43,34,18,35,49,40,54,37,36,38,30,49,29,45,41,29,43,32,47,42,47,58,38,46,56,56,53,48,28,60,67,54,64,58,52,31,32,71,56,67,60,54,24,35,36,47,37,18,28,55,39,53,38,37,36,29,51,24,41,39,34,41,34,51,44,47,63,33,44,53,61,55,48,16,58
sFIS_02,37,44,42,19,34,47,32,52,43,47,36,31,39,26,42,43,33,44,33,50,40,48,62,34,47,52,59,46,42,16,56,66,52,62,47,51,32,29,68,58,62,52,46,23,31,32,45,32,17,25,50,37,48,40,45,37,27,42,29,35,35,36,40,33,41,27,48,60,38,49,58,59,53,46,19,52
sFIS_03,36,45,38,20,38,58,37,56,40,50,34,43,54,21,42,44,31,44,33,49,46,49,63,42,49,55,61,57,52,30,61,71,55,64,55,50,31,37,73,56,67,60,54,25,32,38,49,41,18,24,62,35,50,41,49,37,50,48,29,43,39,35,41,33,52,46,52,61,39,50,57,64,51,52,22,60
sFIS_04,42,43,33,20,34,53,36,50,40,52,36,38,40,20,41,43,30,43,33,48,43,51,63,47,52,53,59,43,53,25,54,72,57,60,52,49,26,26,70,57,62,57,51,23,30,37,44,39,14,34,54,43,50,41,46,36,36,50,27,42,42,36,43,28,44,43,48,59,36,50,56,59,51,46,17,57
sFIS_05,36,44,36,20,40,63,44,48,51,39,42,43,53,23,47,42,34,39,35,47,43,52,61,46,52,55,64,58,53,20,59,71,56,68,59,55,34,36,72,62,69,58,55,25,36,40,43,40,18,34,59,46,52,49,44,36,40,52,28,42,39,33,42,35,45,45,46,61,34,47,57,63,58,47,22,64
sFIS_06,37,43,37,18,41,56,43,52,46,47,40,33,50,27,42,43,35,42,36,46,47,47,62,39,54,56,58,57,46,24,59,71,60,66,52,51,27,38,74,57,63,62,53,25,31,32,45,41,18,32,58,46,51,42,43,41,40,51,30,43,41,36,44,36,48,41,48,63,37,49,58,65,56,50,22,64
sFIS_07,35,44,37,19,29,55,35,46,40,45,40,43,44,22,44,36,27,40,31,43,42,49,62,34,46,54,60,49,48,27,52,72,55,60,47,46,34,27,67,56,63,55,53,24,30,36,43,35,17,32,52,38,44,39,43,35,34,46,28,39,39,33,41,31,45,41,43,61,31,48,54,58,53,49,24,57
sFIS_09,40,48,33,18,42,54,43,55,46,46,39,45,45,28,43,42,35,43,35,43,50,47,64,42,52,54,63,54,40,27,61,69,56,64,56,52,27,36,71,60,66,58,51,26,27,37,44,38,17,33,60,40,49,38,47,37,48,51,32,39,40,37,42,34,48,40,45,62,39,49,53,63,58,51,22,61
sub-0001,45,52,47,20,48,65,61,58,56,54,41,47,66,31,50,53,42,52,42,55,51,55,67,49,58,62,66,66,59,39,68,70,58,71,61,54,31,33,73,61,71,61,57,26,32,43,50,50,16,41,65,58,59,53,51,45,45,67,30,50,55,38,52,44,54,49,54,70,43,59,64,66,66,55,31,69
sub-0002,43,51,48,16,47,64,57,55,55,48,41,45,64,23,47,51,40,48,41,53,50,53,69,49,60,61,63,62,55,30,61,65,53,67,44,47,30,35,68,57,67,48,47,23,31,37,53,48,15,40,60,51,56,45,47,38,46,60,27,47,51,42,54,38,52,47,52,67,37,59,63,66,61,52,25,66
sub-0003,39,52,47,20,50,64,58,58,56,54,43,46,62,30,48,49,31,54,43,53,44,54,68,47,58,64,67,63,58,35,62,71,59,68,52,57,36,38,73,64,71,52,60,22,37,36,52,50,16,42,63,51,58,50,46,42,51,61,30,50,49,42,51,43,55,46,56,70,36,59,63,67,60,60,23,65
sub-0004,42,51,47,18,42,63,57,57,52,52,38,48,62,21,49,51,33,51,40,53,51,55,69,46,52,60,63,64,55,31,66,70,55,66,40,47,32,37,68,53,66,42,54,25,28,42,49,41,15,38,66,52,58,43,46,37,49,60,27,43,52,40,52,32,49,46,50,69,42,55,60,65,62,57,20,67
sub-0005,44,51,48,19,47,64,60,58,52,54,46,47,66,26,46,52,44,53,46,52,51,53,70,47,59,63,68,66,61,33,65,72,56,70,54,53,30,38,73,58,71,61,51,23,35,43,52,51,16,43,66,58,56,50,49,44,49,65,29,47,52,44,56,45,54,45,53,69,43,58,64,66,64,61,31,69
sub-0006,45,52,42,19,50,63,61,56,54,55,43,50,68,24,51,54,42,49,43,55,51,57,69,49,57,64,66,68,60,32,66,73,59,70,59,51,32,36,72,62,70,61,56,25,34,43,54,50,17,43,67,58,55,53,51,44,51,67,30,48,52,42,49,41,54,49,55,69,46,58,65,68,67,57,29,69
sub-0007,42,51,45,20,43,62,60,59,58,54,42,49,66,30,48,50,36,49,42,54,49,56,64,45,56,63,66,67,60,34,66,72,57,70,62,56,36,39,74,61,73,64,63,25,37,40,55,48,18,43,68,59,56,53,50,43,50,65,30,49,53,37,48,42,54,47,55,68,41,58,65,69,67,61,32,69
sub-0008,45,46,46,19,47,58,53,59,53,51,45,48,64,32,47,53,30,50,41,52,51,58,65,49,58,63,63,66,55,36,68,70,58,70,60,50,33,38,74,57,73,61,53,20,34,39,50,51,16,44,63,55,57,53,49,44,50,66,28,44,54,39,49,43,54,47,55,68,45,57,60,68,68,60,31,71
sub-0009,43,49,47,18,49,65,60,53,58,53,40,45,67,27,46,48,41,48,40,52,47,54,68,50,54,60,66,66,58,34,64,69,55,64,58,51,30,33,70,59,67,60,50,21,26,43,54,48,18,38,67,55,55,52,52,38,49,63,25,50,53,42,50,40,51,46,56,70,41,58,63,66,64,55,30,67
sub-0010,43,53,44,16,48,62,58,58,57,52,45,46,66,27,46,53,43,56,45,55,47,55,70,45,55,64,68,67,60,38,66,73,62,71,56,57,35,40,74,65,72,60,60,27,39,43,54,49,16,45,65,55,57,54,51,44,52,63,31,48,53,45,55,44,56,47,56,69,38,58,64,69,64,60,22,70
sub-0011,41,49,46,15,43,62,58,58,56,46,45,42,63,25,50,49,42,51,40,55,50,57,70,47,57,62,68,67,58,36,63,72,62,71,57,59,37,37,73,59,73,58,62,25,37,39,49,45,14,45,66,54,57,53,46,43,45,63,30,49,46,38,52,39,54,46,55,68,37,56,64,67,65,60,31,67
sub-0012,44,50,47,18,47,63,56,57,50,54,43,42,64,25,50,45,41,51,42,53,48,55,69,42,60,63,67,65,55,38,66,70,61,70,54,49,29,37,73,58,71,54,55,23,34,42,53,49,16,43,65,58,54,51,49,43,41,67,28,48,51,40,53,43,49,46,53,70,34,59,63,67,66,57,32,70
sub-0013,40,48,38,17,31,47,36,43,36,49,36,48,43,19,39,51,32,48,23,49,50,54,55,47,48,57,51,46,47,21,61,63,49,61,43,32,25,23,62,55,60,53,35,17,20,41,45,35,16,25,50,35,46,32,47,37,48,45,21,39,52,33,44,21,45,47,52,52,43,47,57,52,49,43,15,58
sub-0014,45,51,44,20,48,63,62,59,55,54,43,45,64,27,48,54,39,54,47,56,48,56,67,46,59,62,64,64,59,38,68,72,60,69,61,52,33,34,73,59,71,62,55,21,32,42,53,48,17,42,68,56,57,50,49,41,51,64,26,50,55,42,48,36,54,48,56,70,41,58,61,67,66,59,34,70
sub-0015,42,53,47,20,43,62,56,57,53,52,43,44,65,27,47,53,35,51,39,55,48,57,65,49,56,61,63,65,59,35,68,68,60,70,57,49,31,36,74,56,71,59,56,26,27,42,53,50,17,45,66,56,56,51,48,43,46,65,28,46,47,44,53,43,54,45,53,68,44,59,63,67,67,56,30,69
sub-0016,45,49,35,17,42,62,53,56,48,53,35,40,59,27,48,50,32,49,35,51,51,56,68,42,55,59,64,61,53,35,65,67,52,66,56,45,31,26,68,56,62,55,47,20,24,43,50,36,14,37,68,51,56,50,49,31,42,62,26,47,53,36,45,32,55,48,55,66,41,51,61,67,64,58,33,69
sub-0017,42,51,44,12,50,61,59,56,54,54,42,43,66,26,48,54,34,48,39,56,52,54,66,47,54,59,65,65,60,32,67,70,55,69,53,56,32,37,73,61,71,59,52,25,30,41,47,45,14,39,63,51,56,49,45,39,40,64,25,49,52,42,49,41,54,47,55,66,36,52,65,63,62,59,35,68
sub-0018,42,42,44,18,41,57,55,56,50,50,33,36,57,17,47,42,28,40,37,47,47,53,67,41,42,53,65,61,52,31,60,64,51,61,48,52,32,34,69,50,70,51,60,21,18,36,42,43,17,32,52,50,54,47,44,33,36,56,21,47,47,32,41,33,48,45,54,63,38,52,58,61,61,46,29,70
sub-0019,43,52,50,19,48,63,56,58,57,49,45,48,63,26,50,51,42,55,43,57,53,58,69,46,58,64,65,64,57,38,67,72,62,70,58,57,36,42,73,63,70,64,58,27,38,40,52,51,15,37,63,56,58,53,48,40,49,62,23,49,52,41,52,38,57,48,57,70,40,57,63,68,66,58,34,67
sub-0020,41,50,47,18,49,58,55,57,54,52,39,42,63,29,51,50,35,52,39,54,51,54,64,45,57,61,59,63,54,37,67,73,57,70,60,53,33,40,73,54,72,63,55,18,34,40,46,45,17,42,67,56,57,49,43,41,43,65,33,48,44,36,46,37,51,48,52,70,43,51,62,64,66,57,23,68
sub-0021,44,53,50,17,51,62,61,57,57,51,46,41,63,30,48,52,40,52,46,53,52,55,69,48,56,62,65,64,59,33,65,71,57,70,57,53,29,33,70,60,71,61,51,23,31,39,53,50,17,45,66,58,59,53,46,44,46,62,30,49,52,41,50,43,53,49,57,69,39,56,63,67,63,59,31,64
sub-0022,44,48,49,18,48,61,59,59,55,53,41,49,63,29,49,51,37,47,41,57,52,57,68,45,54,60,64,63,58,34,67,72,55,67,52,53,30,39,72,56,71,51,56,20,29,42,52,45,13,40,57,54,57,53,47,40,44,60,29,50,54,44,51,41,55,46,57,68,42,56,63,62,64,60,31,68
sub-0023,42,49,42,15,47,63,57,59,47,49,45,45,65,25,49,51,43,47,44,54,49,54,69,45,52,62,66,64,58,33,66,72,55,71,58,59,32,41,73,59,71,60,60,25,32,41,50,48,12,41,63,55,58,50,48,44,45,60,30,48,54,43,52,43,53,48,55,65,37,57,64,65,65,58,30,68
sub-0024,44,49,44,17,41,58,60,58,52,43,38,41,63,29,48,43,36,47,39,51,53,57,70,43,54,61,64,63,56,33,65,72,61,66,50,58,37,36,72,61,69,61,59,25,34,41,52,47,15,42,62,54,59,52,47,41,45,64,27,48,51,35,49,39,56,48,56,67,41,52,63,65,63,58,30,62
sub-0025,42,53,45,18,47,59,58,57,52,54,41,50,65,29,49,51,31,48,40,55,51,57,66,45,57,61,66,66,56,38,67,72,62,69,58,55,37,42,71,61,73,65,58,23,32,41,52,45,17,38,65,57,55,52,47,39,42,68,31,48,52,37,47,36,52,46,55,68,37,54,61,69,67,47,33,68
sub-0026,44,50,48,17,51,64,62,59,58,55,46,45,68,28,51,50,43,52,44,55,51,56,67,49,55,63,66,67,58,36,67,74,60,70,62,56,36,36,73,65,73,66,56,24,36,42,51,45,16,46,63,58,57,52,51,44,43,67,33,48,49,43,53,40,54,48,55,69,36,57,65,66,68,58,33,70
sub-0027,41,49,51,17,49,62,56,57,54,48,45,44,59,24,49,49,38,54,44,56,51,55,70,50,58,62,66,65,59,35,64,73,57,65,56,53,32,36,73,58,72,54,57,25,29,38,46,46,13,37,65,55,58,52,41,43,43,63,26,46,46,32,53,40,52,43,54,68,39,57,64,67,65,56,30,67
sub-0028,44,54,41,17,49,61,60,56,56,54,40,41,65,29,52,53,37,52,38,55,52,57,66,48,56,59,65,65,60,38,68,71,59,69,57,52,31,32,73,58,68,58,53,25,33,44,52,49,14,42,66,58,58,54,49,44,44,68,23,50,51,41,49,40,55,49,57,70,46,57,64,68,67,60,35,71
sub-0029,44,49,47,18,52,65,57,58,57,51,46,47,61,25,50,53,44,52,44,54,51,55,70,49,58,63,68,63,57,38,65,72,60,69,57,57,35,39,74,61,72,59,62,25,37,43,54,48,17,41,66,57,56,51,48,44,48,64,30,50,53,40,52,40,55,46,57,69,44,59,64,68,63,60,28,67
sub-0030,43,42,43,18,35,58,48,57,47,48,37,47,60,25,46,49,36,44,38,54,50,53,67,45,46,52,64,60,58,34,65,68,51,67,56,46,28,34,69,52,68,58,47,22,28,44,42,45,16,29,58,45,57,49,47,36,46,57,24,45,50,37,48,33,53,48,53,64,42,53,59,63,59,59,23,69
sub-0031,40,51,46,17,51,65,59,58,57,53,46,47,67,27,52,53,41,53,45,57,51,58,69,47,60,63,67,67,59,38,67,71,58,70,61,60,33,36,72,63,72,59,58,17,33,44,50,47,14,45,63,58,56,54,52,43,46,65,31,50,52,44,55,43,55,45,56,66,43,59,64,67,67,60,33,69
sub-0032,43,52,46,15,50,60,61,58,50,52,41,45,65,26,52,50,43,49,43,56,48,56,68,50,56,63,64,64,58,32,65,73,59,69,58,52,32,35,74,56,71,61,64,23,36,40,51,49,12,42,63,57,58,51,46,44,46,66,33,48,54,44,49,43,55,47,54,69,39,56,64,69,63,59,30,67
sub-0033,44,52,46,20,47,65,55,58,56,53,37,41,62,28,49,54,40,49,37,55,50,57,69,45,56,61,68,63,60,33,68,70,59,68,58,52,32,35,73,56,71,56,60,22,30,42,52,44,12,39,65,56,59,54,46,36,43,66,25,49,52,40,51,34,53,47,55,70,41,53,61,68,68,57,33,71
sub-0034,42,51,48,20,52,64,59,59,58,55,46,47,66,29,47,52,42,54,46,56,49,56,69,49,58,61,68,66,61,27,66,72,52,70,53,52,26,36,71,57,70,55,57,14,28,43,55,50,17,43,62,55,58,50,50,44,43,66,30,47,51,45,55,42,56,46,54,67,43,58,64,64,66,59,32,67
sub-0035,43,50,45,14,44,57,53,57,51,39,40,39,59,19,50,45,32,44,41,49,51,55,63,46,47,55,59,61,51,33,65,66,57,63,52,44,25,17,69,56,71,56,51,22,19,41,48,46,17,29,60,46,57,41,36,36,34,61,18,45,47,29,45,40,50,47,53,62,36,45,58,58,61,58,32,69
sub-0036,43,51,49,19,52,65,59,59,58,47,44,44,66,28,49,49,41,51,44,55,51,56,70,47,59,63,68,65,60,37,65,73,59,70,58,57,36,39,73,63,72,62,54,26,37,39,50,50,14,46,62,56,58,52,44,45,43,63,30,50,47,45,54,43,53,48,55,70,39,59,65,66,65,58,33,65
sub-0037,44,52,45,20,50,60,59,59,56,52,43,45,62,27,50,51,38,50,39,57,52,57,69,48,54,62,67,65,56,40,67,73,57,68,60,50,30,34,72,56,73,61,53,21,29,44,53,47,17,44,66,57,57,52,50,38,47,62,30,50,52,41,50,38,56,48,57,70,46,54,65,67,64,60,34,69
sub-0038,44,51,46,13,49,63,60,59,54,53,44,48,65,31,49,51,40,50,44,54,51,58,67,46,58,64,67,65,57,32,68,72,58,69,58,57,33,40,73,62,73,64,59,21,36,42,50,49,15,42,66,58,59,53,48,44,44,68,30,49,52,40,51,42,53,47,54,66,41,58,64,64,68,58,32,67
sub-0039,43,53,45,18,48,63,59,55,53,51,45,47,64,30,45,50,35,49,42,54,51,56,65,46,55,63,64,65,57,36,68,71,57,69,58,53,29,35,72,60,71,61,54,23,28,42,51,51,17,43,65,57,58,53,48,43,47,65,29,45,55,38,51,42,57,49,55,64,45,59,63,65,67,61,30,71
sub-0040,42,51,50,18,48,64,61,58,59,53,44,51,67,20,51,54,45,53,44,56,50,55,68,48,60,62,65,63,59,32,67,71,56,66,53,58,35,38,73,63,71,63,56,21,31,43,52,49,14,40,60,55,56,48,48,41,43,64,24,48,55,38,55,39,55,47,56,68,38,58,64,64,66,59,34,68
sub-0041,45,49,41,20,43,61,60,59,46,56,43,51,67,31,51,52,39,53,42,56,52,55,68,48,53,57,68,68,61,35,67,74,57,70,61,58,32,40,74,60,72,65,61,24,33,42,53,40,14,40,66,55,59,50,51,43,50,67,33,50,53,43,53,40,53,46,54,69,43,54,62,66,66,60,34,69
sub-0042,42,51,46,20,49,61,57,59,56,53,42,40,63,30,47,51,39,55,40,53,52,55,66,45,59,62,63,66,56,37,67,70,54,68,61,48,28,32,73,60,72,59,51,19,33,42,52,47,18,38,65,55,57,51,47,40,48,65,28,44,50,36,50,40,55,48,56,66,46,58,64,65,66,58,33,68
sub-0043,42,50,46,18,49,63,58,59,55,51,44,49,65,29,48,50,35,51,42,54,50,56,64,48,56,59,64,64,60,37,64,72,57,67,58,44,34,37,73,57,73,62,54,19,32,41,52,48,13,39,64,55,59,48,42,43,46,64,31,45,54,39,53,40,51,44,54,67,45,59,64,64,67,58,32,68
sub-0044,45,50,47,20,52,65,61,59,53,55,42,49,67,29,47,54,40,51,42,55,52,56,66,48,55,61,67,64,59,35,67,74,60,70,61,51,34,38,72,58,71,61,55,24,30,41,54,48,18,42,67,57,58,52,53,37,51,68,32,46,54,35,44,38,55,49,54,69,43,55,63,67,67,60,29,72
sub-0045,43,48,44,19,42,61,54,53,52,55,34,44,65,18,43,49,37,54,36,51,50,53,66,48,58,61,66,63,56,27,63,63,52,66,54,44,30,33,66,59,64,55,50,24,32,41,49,47,16,41,67,52,55,46,47,38,44,63,26,45,50,42,49,36,48,47,54,66,42,58,63,66,59,52,25,67
sub-0046,41,49,43,14,46,64,59,59,52,50,45,48,65,30,49,48,43,53,42,55,49,55,69,47,59,61,65,65,54,32,65,73,62,69,59,58,37,40,74,63,72,64,60,25,34,40,49,44,14,36,65,54,58,48,47,44,48,67,30,48,49,40,52,38,52,48,51,69,38,54,62,68,66,58,30,65
sub-0047,44,48,45,20,42,62,57,58,49,52,43,41,65,25,47,49,40,50,42,54,50,53,65,51,58,61,66,62,58,33,65,72,57,68,60,46,29,35,73,56,71,61,53,21,29,41,51,45,17,43,65,56,58,49,48,43,46,60,29,44,49,43,51,36,53,49,54,67,45,56,62,63,65,55,26,67
sub-0048,43,50,43,18,49,65,61,58,52,55,46,50,66,26,46,53,45,54,47,55,50,54,69,50,58,62,66,68,61,33,67,74,60,68,59,56,35,41,74,65,71,63,61,23,37,43,50,46,10,42,66,57,55,52,50,42,48,68,29,50,55,44,53,42,53,43,54,68,44,56,63,66,68,61,35,68
sub-0049,38,49,50,20,52,64,60,59,56,53,43,42,65,26,48,49,42,52,45,55,51,52,67,46,57,63,68,65,60,34,66,72,53,70,57,55,33,41,71,62,71,56,54,24,38,37,52,50,18,43,64,56,57,52,45,44,45,63,31,50,51,38,54,42,55,45,53,67,42,58,63,67,65,58,27,62
sub-0050,43,52,48,13,46,63,62,58,57,51,46,50,65,21,49,50,43,52,41,56,51,55,68,47,57,63,66,67,60,35,65,72,59,70,54,58,37,41,73,63,71,61,59,25,39,41,52,50,13,44,66,55,58,48,50,43,49,64,26,49,53,43,53,42,55,44,55,68,40,59,64,68,64,61,29,70
sub-0051,43,49,44,18,44,61,52,58,48,48,36,39,60,23,43,50,34,51,38,48,51,54,64,45,56,59,59,58,47,26,64,62,56,67,54,43,24,27,67,55,67,53,44,23,25,40,50,49,17,35,66,51,58,53,49,33,41,58,28,46,52,34,48,32,45,47,54,62,43,51,58,62,61,52,20,66
sub-0052,41,52,45,19,49,64,57,55,55,52,42,45,64,20,49,52,37,50,42,55,48,58,65,46,55,61,65,65,57,32,66,69,54,64,51,52,32,37,72,61,64,52,54,23,34,43,52,49,15,31,65,52,53,51,47,43,42,61,23,46,52,41,48,38,52,44,53,66,42,56,63,65,63,57,28,69
sub-0053,40,52,46,18,49,63,60,58,59,55,45,47,65,19,48,54,39,52,43,56,48,56,69,47,55,61,65,66,58,35,67,73,61,71,57,57,30,37,74,65,72,60,59,17,39,43,54,46,17,45,64,56,57,52,50,41,48,66,28,50,50,44,52,41,55,44,55,66,41,58,63,65,65,59,29,69
sub-0054,41,53,49,12,48,63,58,57,55,54,42,47,68,21,49,52,43,55,45,56,49,56,67,49,59,63,66,65,60,32,67,69,60,69,58,53,27,39,73,60,70,60,56,12,35,42,54,48,12,46,65,57,58,51,47,42,46,66,28,46,55,43,54,40,56,48,57,67,42,59,64,64,67,59,32,67
sub-0055,43,48,48,19,51,65,55,57,56,51,45,45,63,31,47,50,41,53,46,53,50,55,70,46,59,64,68,66,60,39,66,73,58,67,56,56,33,35,73,63,72,61,59,25,35,37,50,50,12,46,65,52,59,51,49,44,49,64,31,43,54,37,54,41,57,44,52,70,39,58,64,69,65,58,31,67
sub-0056,44,52,46,19,50,64,59,59,57,51,44,50,67,26,48,53,42,53,44,55,49,56,70,47,57,63,68,67,60,34,67,74,59,68,59,54,29,36,73,63,72,59,58,23,34,42,50,48,17,41,66,58,56,50,51,42,52,67,33,48,54,42,53,41,53,41,56,69,40,57,65,67,67,57,33,66
sub-0057,41,50,46,13,50,64,61,57,59,52,43,45,66,25,49,54,41,48,44,57,49,57,68,46,57,63,67,68,61,39,67,74,60,68,60,51,37,37,73,64,72,60,60,18,35,43,53,46,12,45,62,56,56,53,51,42,45,64,31,47,53,44,51,37,53,45,54,66,35,58,64,67,65,58,32,68
sub-0058,43,52,49,14,47,65,60,59,54,53,40,49,65,27,48,53,42,52,41,57,50,56,68,46,57,58,67,67,59,37,65,73,61,69,57,55,33,35,73,63,71,60,56,24,35,44,51,49,15,44,62,57,57,52,51,41,46,68,30,47,54,40,55,44,56,46,55,68,43,58,64,68,67,60,35,68
sub-0059,43,50,49,19,52,61,59,58,55,54,45,46,62,30,49,49,38,56,47,54,51,57,69,47,59,64,66,63,56,38,65,72,57,67,56,57,35,39,72,58,72,61,55,24,36,41,53,50,16,44,67,57,57,53,48,43,45,66,31,49,51,42,53,43,55,39,54,70,44,57,63,68,66,58,20,69
sub-0060,41,52,49,18,40,61,56,57,51,54,46,50,63,30,48,50,45,50,39,51,50,53,66,49,57,62,66,63,55,37,61,69,61,67,58,59,30,39,74,63,70,56,56,20,35,43,55,47,12,35,65,56,57,47,49,43,49,64,28,47,55,42,50,29,52,47,56,66,44,59,65,66,67,59,28,69
sub-0061,43,53,50,16,47,63,57,57,58,51,45,49,64,25,47,49,37,54,45,55,48,56,66,49,60,63,65,64,57,37,65,72,62,71,55,54,31,39,72,65,71,62,62,26,34,39,52,49,16,42,61,49,57,52,43,43,46,64,30,50,52,43,55,43,56,43,56,68,38,59,65,67,66,59,29,69
sub-0062,43,50,44,19,49,60,61,58,54,56,46,48,68,28,51,45,42,55,47,55,51,53,69,50,56,62,67,65,58,38,63,73,59,70,59,55,37,41,73,65,73,64,61,25,32,41,50,45,18,45,60,56,55,51,51,44,48,64,31,49,51,41,55,41,56,43,53,68,37,59,62,67,68,58,29,70
sub-0063,43,52,47,19,46,65,57,56,58,50,38,47,66,26,47,52,34,45,36,55,51,54,68,46,51,58,65,67,60,34,67,71,52,70,58,55,33,38,71,64,69,60,51,20,38,44,51,49,17,36,62,52,57,51,50,43,51,62,25,47,52,44,55,42,54,46,56,67,44,59,63,65,62,58,27,65
sub-0064,38,51,43,17,44,61,56,57,53,50,44,48,63,30,43,46,37,55,41,55,46,54,66,42,58,60,65,65,56,33,67,73,60,70,55,56,27,38,74,65,72,61,56,17,39,40,53,46,16,43,65,55,59,52,45,43,46,65,29,48,47,39,48,41,54,45,53,68,37,52,64,66,67,57,32,68
sub-0065,45,50,50,19,39,62,59,56,54,55,43,51,67,32,50,52,40,54,42,55,49,57,69,50,58,63,68,68,56,35,67,73,61,71,61,58,36,39,74,62,70,64,62,27,39,39,52,49,16,37,67,57,58,50,52,42,51,66,29,48,53,42,53,42,54,49,54,70,39,56,62,69,68,56,34,68
sub-0066,40,51,42,14,49,62,56,58,53,53,43,47,67,26,47,49,42,52,42,55,52,55,67,45,57,60,62,67,58,38,65,74,60,70,59,57,34,41,74,63,72,64,57,23,32,38,52,49,15,42,64,56,59,54,50,44,47,67,29,47,52,40,48,42,53,49,54,67,43,55,63,64,68,57,30,70
sub-0067,42,51,46,19,48,64,60,57,55,55,40,43,66,29,50,54,38,52,43,55,52,57,69,50,58,62,66,65,58,35,66,71,60,71,57,50,35,43,73,61,70,57,62,26,36,41,54,51,14,44,65,58,59,54,49,44,47,67,30,47,52,37,50,41,52,48,55,70,44,58,64,69,67,56,33,67
sub-0068,43,51,46,15,49,63,60,59,56,53,43,48,65,25,50,50,41,48,45,53,52,55,68,48,57,63,67,64,60,38,66,74,61,67,60,55,36,38,73,62,73,65,62,24,35,43,50,46,16,44,65,57,58,52,47,41,46,63,31,49,54,44,49,40,54,48,54,68,41,59,65,68,67,59,32,68
sub-0069,42,48,51,18,51,65,59,59,57,52,46,46,65,20,44,54,40,55,46,55,48,57,68,50,58,61,65,64,60,37,67,70,61,68,52,54,35,36,73,65,71,56,53,22,38,41,51,50,15,42,64,56,57,53,50,40,49,64,26,47,52,41,54,42,57,42,54,68,44,56,64,67,65,60,32,71
sub-0070,42,48,46,18,48,64,58,57,51,55,45,49,67,22,48,52,40,53,46,55,48,55,68,51,57,61,66,68,56,38,66,73,62,70,61,55,35,42,73,64,73,59,62,25,36,42,51,47,15,41,64,53,58,48,52,42,51,67,29,48,52,42,54,41,52,47,54,70,40,56,61,68,68,58,30,71
sub-0071,40,49,49,15,51,65,58,56,57,50,46,48,65,28,44,47,38,56,45,55,48,55,70,47,59,63,65,64,60,33,66,72,61,69,58,57,35,39,74,65,71,60,61,23,34,43,50,49,11,43,64,56,57,53,48,44,44,64,30,48,54,43,56,44,56,45,54,68,42,59,65,65,65,60,28,67
sub-0072,40,48,46,14,44,61,61,58,57,53,39,49,67,29,51,52,44,52,43,56,46,56,67,51,52,62,66,68,60,36,68,72,58,67,61,55,34,33,74,60,71,60,60,25,35,39,54,51,15,41,64,58,59,54,51,41,50,64,23,47,54,39,49,43,57,46,55,68,44,56,64,67,64,60,30,68
sub-0073,42,49,47,20,51,64,62,57,53,56,45,48,67,27,49,53,45,55,45,56,48,58,69,45,55,62,68,67,59,34,67,74,61,70,56,58,35,41,73,64,72,58,62,25,37,43,53,50,15,42,67,56,57,54,51,45,48,64,31,48,52,43,54,43,56,48,55,70,42,59,64,69,68,60,33,71
sub-0074,44,53,47,13,50,63,58,57,58,50,45,48,66,22,45,52,42,52,41,55,49,55,68,48,58,63,67,62,58,31,66,71,60,69,55,52,32,39,72,65,70,59,55,25,39,44,51,50,11,46,64,54,56,52,49,41,44,64,27,48,52,44,55,38,54,43,55,69,43,58,63,68,66,57,24,69
sub-0075,41,52,50,18,51,62,61,59,58,56,46,48,65,29,52,50,45,55,46,56,51,58,68,49,58,63,65,66,60,37,67,73,57,70,56,59,32,34,74,62,72,56,59,24,28,41,54,50,17,41,63,56,58,54,51,45,48,66,32,48,54,42,52,45,55,48,55,68,44,57,64,66,65,58,29,70
sub-0076,43,51,49,18,51,65,59,58,59,52,46,46,65,25,45,49,43,52,46,56,49,54,68,50,59,62,66,65,59,34,65,70,59,70,55,57,34,40,72,64,72,65,54,16,39,40,52,49,16,44,67,57,57,51,47,43,45,65,31,45,50,42,53,43,54,41,55,68,38,59,65,66,67,59,25,68
sub-0077,43,54,49,15,50,63,60,57,58,53,42,47,67,30,46,51,40,52,46,55,49,55,67,51,57,61,66,65,59,33,63,72,61,69,61,55,27,42,72,63,72,59,59,24,35,43,55,50,15,44,61,55,57,48,46,44,48,66,28,49,53,42,56,41,55,46,57,69,41,58,62,66,66,59,25,70
sub-0078,43,54,49,13,50,61,56,58,52,53,45,50,63,24,48,52,42,55,46,54,51,55,69,51,60,62,65,66,59,35,67,71,59,69,57,54,29,39,72,58,70,57,56,13,27,43,54,50,14,45,62,58,57,52,48,43,48,65,30,45,54,44,53,41,55,47,57,70,44,58,64,66,66,60,28,68
sub-0079,42,53,40,12,50,62,61,56,57,50,44,44,68,21,50,49,43,53,41,54,50,54,65,50,56,63,63,67,56,36,66,72,59,67,52,50,28,38,70,61,71,62,58,10,31,43,54,42,12,41,60,58,57,51,47,40,39,65,25,48,54,43,53,39,53,47,54,64,40,59,63,61,65,59,31,68
sub-0080,41,49,50,16,51,64,59,58,58,47,45,44,65,24,44,51,43,55,45,54,50,55,68,49,56,62,65,65,59,34,67,72,62,68,56,53,31,39,73,64,72,56,57,19,33,42,52,52,17,41,67,51,58,51,46,44,45,65,26,47,55,42,56,43,55,47,56,69,43,59,63,65,65,61,32,71
sub-0081,40,52,48,16,48,64,57,58,59,49,45,49,66,27,48,50,37,46,44,56,50,55,66,48,58,63,65,65,60,30,67,72,60,70,57,53,35,35,72,64,70,62,62,17,34,39,51,47,14,33,65,52,54,51,49,45,45,59,31,48,48,40,50,40,52,44,54,67,41,58,62,66,66,57,25,68
sub-0082,42,52,51,18,52,62,56,53,57,50,46,46,63,19,49,49,40,55,46,54,46,53,69,50,60,63,68,65,57,40,65,72,55,68,56,53,33,40,72,58,69,62,53,22,37,43,49,51,15,43,64,58,55,53,46,41,45,65,29,49,49,41,54,39,56,41,52,70,42,59,62,68,67,58,28,68
sub-0083,44,53,50,18,49,61,59,57,55,51,44,49,65,19,49,50,44,53,43,55,50,57,68,51,59,62,67,68,56,35,64,69,61,68,59,56,34,37,73,63,73,64,60,25,38,43,49,47,14,42,65,56,54,52,53,42,51,67,25,47,51,41,52,40,55,39,56,66,44,57,63,64,68,58,26,68
sub-0084,41,52,48,19,52,65,61,57,58,55,45,50,68,30,50,50,37,51,44,54,51,54,66,50,56,62,65,67,58,33,67,73,59,69,58,58,32,42,73,63,73,63,59,18,38,42,52,45,17,37,62,57,58,52,53,41,45,65,32,46,52,42,52,42,52,47,53,66,37,57,65,65,67,57,32,70
sub-0085,42,49,44,15,46,58,60,58,55,53,43,42,65,29,45,52,37,52,44,50,50,56,64,46,56,62,64,66,58,37,68,73,59,71,58,53,30,32,74,61,72,64,56,22,28,42,53,48,14,42,64,52,58,52,45,41,44,67,29,48,55,39,52,41,52,45,54,66,44,58,61,63,68,58,32,70
sub-0086,43,53,45,20,52,65,61,58,59,53,46,45,67,31,50,54,37,53,44,54,51,55,69,48,59,63,67,67,60,38,67,74,61,71,62,59,34,42,72,65,73,61,57,24,39,42,52,47,16,45,67,57,57,53,52,44,52,68,32,48,50,43,55,45,55,48,57,67,42,58,65,69,68,61,29,70
sub-0087,42,53,49,17,52,65,59,57,57,53,45,46,66,27,48,51,42,48,45,53,47,57,69,50,55,63,66,68,59,38,66,70,57,68,60,50,36,40,73,65,72,62,59,26,38,40,54,50,16,45,60,55,57,53,53,45,48,64,26,43,52,44,50,43,51,41,53,67,41,59,62,68,65,56,23,67
sub-0088,42,54,48,14,45,63,60,58,57,52,45,49,65,24,48,54,43,52,43,55,49,57,67,49,55,63,67,64,59,38,67,72,57,68,59,54,33,32,73,61,72,59,56,24,29,41,55,47,13,43,60,54,58,50,49,41,48,61,27,47,51,43,55,41,56,45,56,68,42,58,63,67,64,57,32,71
sub-0089,45,49,46,16,45,63,60,59,54,53,43,47,66,23,49,53,38,49,44,55,49,57,69,50,54,63,68,66,59,34,67,71,61,70,57,52,29,32,72,63,71,61,54,22,25,42,51,48,13,40,64,59,56,50,51,44,47,67,29,47,53,37,54,41,53,48,55,66,46,56,64,66,68,60,33,71
sub-0090,44,53,49,19,50,56,59,58,54,55,42,50,62,25,49,53,43,48,44,56,49,55,67,50,58,63,65,62,58,28,68,71,61,70,60,48,31,40,72,59,69,58,58,16,33,43,54,49,16,45,64,59,53,49,46,38,48,66,22,48,53,44,51,42,56,43,56,67,45,59,62,67,67,60,27,69
sub-0091,43,49,51,16,51,64,61,58,59,51,45,49,68,27,46,54,40,52,45,54,50,55,68,51,57,64,66,68,61,35,65,71,57,68,56,53,31,40,72,64,69,57,56,14,37,38,51,50,14,45,64,56,53,53,50,43,47,65,27,48,53,42,56,44,56,46,54,69,41,59,65,66,66,61,29,69
sub-0092,41,51,48,20,50,61,58,59,54,50,46,44,63,30,48,51,39,56,45,56,49,55,69,48,56,62,66,65,59,31,68,74,57,71,56,57,36,36,74,64,71,58,63,23,37,40,51,50,13,45,64,54,54,49,49,45,44,61,30,49,50,44,54,45,56,42,56,70,41,58,64,68,65,60,29,67
sub-0093,43,53,48,20,49,64,61,57,53,52,45,48,67,24,47,53,41,52,47,55,41,55,68,51,58,62,67,66,58,33,65,73,55,69,54,54,28,40,74,60,71,58,57,19,32,37,53,48,16,43,62,57,58,53,48,45,50,65,31,45,55,41,54,45,53,43,54,69,43,59,65,65,67,59,31,69
sub-0094,44,53,42,16,48,59,60,56,54,50,44,48,66,28,48,52,37,48,43,57,49,55,64,49,54,61,61,65,60,38,67,72,60,70,62,55,31,37,73,62,73,65,62,22,33,43,54,49,17,45,64,58,57,52,48,42,49,66,29,48,55,40,50,40,56,49,57,66,44,54,63,63,67,61,28,71
sub-0095,44,52,47,20,52,63,58,57,52,54,44,45,62,29,49,51,45,55,44,54,51,54,69,50,59,64,68,67,56,37,67,72,60,69,55,56,33,41,74,60,72,56,56,16,34,41,50,49,15,40,65,55,57,50,49,43,46,65,29,47,50,44,55,41,52,43,55,69,44,59,64,69,67,60,31,67
sub-0096,42,50,49,16,51,63,59,59,59,53,46,42,64,28,44,51,45,56,46,56,51,55,70,48,59,62,66,66,59,39,66,71,61,70,56,50,31,41,73,60,71,61,56,22,27,43,53,51,14,46,65,54,57,54,46,43,41,64,27,47,54,44,54,42,55,46,55,69,41,59,64,66,65,61,31,69
sub-0097,45,51,48,14,50,63,59,59,58,49,43,48,65,23,48,51,35,50,42,56,50,57,65,48,57,60,65,64,58,35,66,73,61,67,59,55,31,38,73,60,72,62,63,24,32,39,53,47,15,42,67,57,59,54,49,44,46,64,28,49,54,37,50,41,56,48,54,65,43,58,64,66,66,57,33,69
sub-0098,43,49,42,19,45,62,59,57,54,51,43,43,64,23,47,50,34,51,41,53,49,55,68,47,53,62,65,65,56,35,66,72,60,67,59,50,30,38,72,63,72,59,53,23,34,43,49,43,14,38,65,55,57,50,49,38,45,64,24,45,51,42,49,36,51,46,54,68,39,57,62,66,65,58,31,67
sub-0099,43,51,43,18,52,63,61,59,50,52,44,44,66,29,47,53,36,54,44,54,49,54,68,49,59,64,64,65,58,41,67,69,59,69,60,54,31,38,72,59,73,65,63,15,34,40,53,45,15,43,64,57,56,51,46,45,50,65,29,49,53,39,54,40,54,46,56,66,45,57,63,64,66,59,34,70
sub-0100,41,52,50,17,48,65,58,55,55,44,45,49,64,30,44,51,38,51,42,56,46,54,67,48,59,61,66,63,59,28,65,73,56,67,57,54,33,36,72,59,68,59,58,22,35,42,51,49,14,43,63,54,57,48,45,44,45,61,26,48,51,43,55,44,55,42,53,66,36,58,63,65,62,56,31,64
sub-0101,44,49,50,19,49,64,58,58,58,50,45,48,62,24,49,52,37,53,47,57,50,56,69,50,58,63,67,63,58,29,64,71,61,70,56,55,36,40,72,65,72,53,60,26,38,44,52,52,16,39,63,56,57,52,50,43,51,59,27,48,53,43,53,42,54,46,55,69,39,59,63,69,63,56,30,64
sub-0102,45,50,47,15,51,62,61,59,58,54,44,42,64,31,49,52,41,53,42,56,51,56,67,45,58,64,66,66,59,38,66,72,58,68,56,54,29,36,73,63,72,57,58,22,30,42,54,50,16,43,66,55,59,54,51,44,42,63,27,50,52,44,54,42,55,46,55,68,43,59,64,67,67,59,31,70
sub-0103,41,52,49,18,45,63,53,58,54,51,44,48,61,28,47,50,43,50,44,55,47,57,67,45,56,62,66,63,58,26,66,71,61,71,59,51,35,42,74,62,72,62,58,27,36,41,52,51,16,41,65,54,56,53,51,43,49,62,27,44,51,42,45,42,54,44,52,70,40,54,62,67,63,57,24,68
sub-0104,38,51,48,18,44,62,53,58,59,52,45,44,62,29,43,50,43,49,46,55,51,56,66,49,59,63,64,62,58,29,65,70,56,69,55,53,31,41,71,62,69,61,58,19,38,41,52,50,10,37,59,55,54,53,51,43,45,64,28,44,48,41,49,44,55,42,54,64,39,57,65,66,67,59,30,66
sub-0105,42,54,50,19,50,58,59,57,55,48,46,46,62,26,47,53,40,50,45,57,48,58,68,50,57,63,68,64,58,27,65,71,60,69,54,56,34,38,71,63,72,51,63,26,35,35,51,48,16,35,62,58,57,54,49,45,46,64,26,48,49,40,52,45,54,45,55,67,41,57,64,66,62,60,25,69
